"MSN","YYYYMM","Value","Column_Order","Description","Unit"
"HVT3BUS","194913","323.365","1","Conventional Hydropower, Transformed Into Electricity","Trillion Btu"
"HVT3BUS","195013","344.218","1","Conventional Hydropower, Transformed Into Electricity","Trillion Btu"
"HVT3BUS","195113","356.131","1","Conventional Hydropower, Transformed Into Electricity","Trillion Btu"
"HVT3BUS","195213","374.325","1","Conventional Hydropower, Transformed Into Electricity","Trillion Btu"
"HVT3BUS","195313","374.015","1","Conventional Hydropower, Transformed Into Electricity","Trillion Btu"
"HVT3BUS","195413","380.915","1","Conventional Hydropower, Transformed Into Electricity","Trillion Btu"
"HVT3BUS","195513","396.597","1","Conventional Hydropower, Transformed Into Electricity","Trillion Btu"
"HVT3BUS","195613","427.307","1","Conventional Hydropower, Transformed Into Electricity","Trillion Btu"
"HVT3BUS","195713","455.017","1","Conventional Hydropower, Transformed Into Electricity","Trillion Btu"
"HVT3BUS","195813","490.013","1","Conventional Hydropower, Transformed Into Electricity","Trillion Btu"
"HVT3BUS","195913","481.619","1","Conventional Hydropower, Transformed Into Electricity","Trillion Btu"
"HVT3BUS","196013","509.889","1","Conventional Hydropower, Transformed Into Electricity","Trillion Btu"
"HVT3BUS","196113","530.69","1","Conventional Hydropower, Transformed Into Electricity","Trillion Btu"
"HVT3BUS","196213","586.917","1","Conventional Hydropower, Transformed Into Electricity","Trillion Btu"
"HVT3BUS","196313","576.594","1","Conventional Hydropower, Transformed Into Electricity","Trillion Btu"
"HVT3BUS","196413","615.189","1","Conventional Hydropower, Transformed Into Electricity","Trillion Btu"
"HVT3BUS","196513","672.111","1","Conventional Hydropower, Transformed Into Electricity","Trillion Btu"
"HVT3BUS","196613","675.363","1","Conventional Hydropower, Transformed Into Electricity","Trillion Btu"
"HVT3BUS","196713","767.525","1","Conventional Hydropower, Transformed Into Electricity","Trillion Btu"
"HVT3BUS","196813","770.679","1","Conventional Hydropower, Transformed Into Electricity","Trillion Btu"
"HVT3BUS","196913","864.834","1","Conventional Hydropower, Transformed Into Electricity","Trillion Btu"
"HVT3BUS","197013","856.267","1","Conventional Hydropower, Transformed Into Electricity","Trillion Btu"
"HVT3BUS","197113","919.641","1","Conventional Hydropower, Transformed Into Electricity","Trillion Btu"
"HVT3BUS","197213","941.469","1","Conventional Hydropower, Transformed Into Electricity","Trillion Btu"
"HVT3BUS","197313","939.769","1","Conventional Hydropower, Transformed Into Electricity","Trillion Btu"
"HVT3BUS","197413","1037.971","1","Conventional Hydropower, Transformed Into Electricity","Trillion Btu"
"HVT3BUS","197513","1034.357","1","Conventional Hydropower, Transformed Into Electricity","Trillion Btu"
"HVT3BUS","197613","978.986","1","Conventional Hydropower, Transformed Into Electricity","Trillion Btu"
"HVT3BUS","197713","762.919","1","Conventional Hydropower, Transformed Into Electricity","Trillion Btu"
"HVT3BUS","197813","967.183","1","Conventional Hydropower, Transformed Into Electricity","Trillion Btu"
"HVT3BUS","197913","965.855","1","Conventional Hydropower, Transformed Into Electricity","Trillion Btu"
"HVT3BUS","198013","952.569","1","Conventional Hydropower, Transformed Into Electricity","Trillion Btu"
"HVT3BUS","198113","900.238","1","Conventional Hydropower, Transformed Into Electricity","Trillion Btu"
"HVT3BUS","198213","1065.82","1","Conventional Hydropower, Transformed Into Electricity","Trillion Btu"
"HVT3BUS","198313","1144.012","1","Conventional Hydropower, Transformed Into Electricity","Trillion Btu"
"HVT3BUS","198413","1106.55","1","Conventional Hydropower, Transformed Into Electricity","Trillion Btu"
"HVT3BUS","198513","970.068","1","Conventional Hydropower, Transformed Into Electricity","Trillion Btu"
"HVT3BUS","198613","1003.146","1","Conventional Hydropower, Transformed Into Electricity","Trillion Btu"
"HVT3BUS","198713","862.745","1","Conventional Hydropower, Transformed Into Electricity","Trillion Btu"
"HVT3BUS","198813","771.456","1","Conventional Hydropower, Transformed Into Electricity","Trillion Btu"
"HVT3BUS","198913","927.985","1","Conventional Hydropower, Transformed Into Electricity","Trillion Btu"
"HVT3BUS","199013","999.258","1","Conventional Hydropower, Transformed Into Electricity","Trillion Btu"
"HVT3BUS","199113","986.048","1","Conventional Hydropower, Transformed Into Electricity","Trillion Btu"
"HVT3BUS","199213","863.536","1","Conventional Hydropower, Transformed Into Electricity","Trillion Btu"
"HVT3BUS","199313","957.046","1","Conventional Hydropower, Transformed Into Electricity","Trillion Btu"
"HVT3BUS","199413","887.549","1","Conventional Hydropower, Transformed Into Electricity","Trillion Btu"
"HVT3BUS","199513","1060.561","1","Conventional Hydropower, Transformed Into Electricity","Trillion Btu"
"HVT3BUS","199613","1184.517","1","Conventional Hydropower, Transformed Into Electricity","Trillion Btu"
"HVT3BUS","199713","1216.219","1","Conventional Hydropower, Transformed Into Electricity","Trillion Btu"
"HVT3BUS","199813","1103.221","1","Conventional Hydropower, Transformed Into Electricity","Trillion Btu"
"HVT3BUS","199913","1090.257","1","Conventional Hydropower, Transformed Into Electricity","Trillion Btu"
"HVT3BUS","200013","940.254","1","Conventional Hydropower, Transformed Into Electricity","Trillion Btu"
"HVT3BUS","200113","740.271","1","Conventional Hydropower, Transformed Into Electricity","Trillion Btu"
"HVT3BUS","200213","901.89","1","Conventional Hydropower, Transformed Into Electricity","Trillion Btu"
"HVT3BUS","200313","941.051","1","Conventional Hydropower, Transformed Into Electricity","Trillion Btu"
"HVT3BUS","200413","915.84","1","Conventional Hydropower, Transformed Into Electricity","Trillion Btu"
"HVT3BUS","200513","922.336","1","Conventional Hydropower, Transformed Into Electricity","Trillion Btu"
"HVT3BUS","200613","986.909","1","Conventional Hydropower, Transformed Into Electricity","Trillion Btu"
"HVT3BUS","200713","844.504","1","Conventional Hydropower, Transformed Into Electricity","Trillion Btu"
"HVT3BUS","200813","869.485","1","Conventional Hydropower, Transformed Into Electricity","Trillion Btu"
"HVT3BUS","200913","932.995","1","Conventional Hydropower, Transformed Into Electricity","Trillion Btu"
"HVT3BUS","201013","887.813","1","Conventional Hydropower, Transformed Into Electricity","Trillion Btu"
"HVT3BUS","201113","1089.639","1","Conventional Hydropower, Transformed Into Electricity","Trillion Btu"
"HVT3BUS","201213","942.532","1","Conventional Hydropower, Transformed Into Electricity","Trillion Btu"
"HVT3BUS","201313","916.345","1","Conventional Hydropower, Transformed Into Electricity","Trillion Btu"
"HVT3BUS","201413","884.959","1","Conventional Hydropower, Transformed Into Electricity","Trillion Btu"
"HVT3BUS","201513","849.861","1","Conventional Hydropower, Transformed Into Electricity","Trillion Btu"
"HVT3BUS","201613","913.775","1","Conventional Hydropower, Transformed Into Electricity","Trillion Btu"
"HVT3BUS","201713","1024.736","1","Conventional Hydropower, Transformed Into Electricity","Trillion Btu"
"HVT3BUS","201813","998.092","1","Conventional Hydropower, Transformed Into Electricity","Trillion Btu"
"HVT3BUS","201913","933.89","1","Conventional Hydropower, Transformed Into Electricity","Trillion Btu"
"HVFJBUS","194913","1101.357","2","Conventional Hydropower, Adjustment for Fossil Fuel Equivalence","Trillion Btu"
"HVFJBUS","195013","1071.193","2","Conventional Hydropower, Adjustment for Fossil Fuel Equivalence","Trillion Btu"
"HVFJBUS","195113","1067.664","2","Conventional Hydropower, Adjustment for Fossil Fuel Equivalence","Trillion Btu"
"HVFJBUS","195213","1091.487","2","Conventional Hydropower, Adjustment for Fossil Fuel Equivalence","Trillion Btu"
"HVFJBUS","195313","1038.844","2","Conventional Hydropower, Adjustment for Fossil Fuel Equivalence","Trillion Btu"
"HVFJBUS","195413","978.857","2","Conventional Hydropower, Adjustment for Fossil Fuel Equivalence","Trillion Btu"
"HVFJBUS","195513","963.247","2","Conventional Hydropower, Adjustment for Fossil Fuel Equivalence","Trillion Btu"
"HVFJBUS","195613","1007.404","2","Conventional Hydropower, Adjustment for Fossil Fuel Equivalence","Trillion Btu"
"HVFJBUS","195713","1060.596","2","Conventional Hydropower, Adjustment for Fossil Fuel Equivalence","Trillion Btu"
"HVFJBUS","195813","1101.954","2","Conventional Hydropower, Adjustment for Fossil Fuel Equivalence","Trillion Btu"
"HVFJBUS","195913","1066.846","2","Conventional Hydropower, Adjustment for Fossil Fuel Equivalence","Trillion Btu"
"HVFJBUS","196013","1098.086","2","Conventional Hydropower, Adjustment for Fossil Fuel Equivalence","Trillion Btu"
"HVFJBUS","196113","1125.773","2","Conventional Hydropower, Adjustment for Fossil Fuel Equivalence","Trillion Btu"
"HVFJBUS","196213","1229.224","2","Conventional Hydropower, Adjustment for Fossil Fuel Equivalence","Trillion Btu"
"HVFJBUS","196313","1194.761","2","Conventional Hydropower, Adjustment for Fossil Fuel Equivalence","Trillion Btu"
"HVFJBUS","196413","1271.125","2","Conventional Hydropower, Adjustment for Fossil Fuel Equivalence","Trillion Btu"
"HVFJBUS","196513","1386.966","2","Conventional Hydropower, Adjustment for Fossil Fuel Equivalence","Trillion Btu"
"HVFJBUS","196613","1386.156","2","Conventional Hydropower, Adjustment for Fossil Fuel Equivalence","Trillion Btu"
"HVFJBUS","196713","1579.139","2","Conventional Hydropower, Adjustment for Fossil Fuel Equivalence","Trillion Btu"
"HVFJBUS","196813","1577.95","2","Conventional Hydropower, Adjustment for Fossil Fuel Equivalence","Trillion Btu"
"HVFJBUS","196913","1783.149","2","Conventional Hydropower, Adjustment for Fossil Fuel Equivalence","Trillion Btu"
"HVFJBUS","197013","1777.28","2","Conventional Hydropower, Adjustment for Fossil Fuel Equivalence","Trillion Btu"
"HVFJBUS","197113","1904.51","2","Conventional Hydropower, Adjustment for Fossil Fuel Equivalence","Trillion Btu"
"HVFJBUS","197213","1922.396","2","Conventional Hydropower, Adjustment for Fossil Fuel Equivalence","Trillion Btu"
"HVFJBUS","197313","1921.679","2","Conventional Hydropower, Adjustment for Fossil Fuel Equivalence","Trillion Btu"
"HVFJBUS","197413","2138.609","2","Conventional Hydropower, Adjustment for Fossil Fuel Equivalence","Trillion Btu"
"HVFJBUS","197513","2120.25","2","Conventional Hydropower, Adjustment for Fossil Fuel Equivalence","Trillion Btu"
"HVFJBUS","197613","1997.28","2","Conventional Hydropower, Adjustment for Fossil Fuel Equivalence","Trillion Btu"
"HVFJBUS","197713","1570.334","2","Conventional Hydropower, Adjustment for Fossil Fuel Equivalence","Trillion Btu"
"HVFJBUS","197813","1969.8","2","Conventional Hydropower, Adjustment for Fossil Fuel Equivalence","Trillion Btu"
"HVFJBUS","197913","1964.83","2","Conventional Hydropower, Adjustment for Fossil Fuel Equivalence","Trillion Btu"
"HVFJBUS","198013","1947.574","2","Conventional Hydropower, Adjustment for Fossil Fuel Equivalence","Trillion Btu"
"HVFJBUS","198113","1857.73","2","Conventional Hydropower, Adjustment for Fossil Fuel Equivalence","Trillion Btu"
"HVFJBUS","198213","2199.738","2","Conventional Hydropower, Adjustment for Fossil Fuel Equivalence","Trillion Btu"
"HVFJBUS","198313","2383.247","2","Conventional Hydropower, Adjustment for Fossil Fuel Equivalence","Trillion Btu"
"HVFJBUS","198413","2279.26","2","Conventional Hydropower, Adjustment for Fossil Fuel Equivalence","Trillion Btu"
"HVFJBUS","198513","2000.125","2","Conventional Hydropower, Adjustment for Fossil Fuel Equivalence","Trillion Btu"
"HVFJBUS","198613","2068.033","2","Conventional Hydropower, Adjustment for Fossil Fuel Equivalence","Trillion Btu"
"HVFJBUS","198713","1771.763","2","Conventional Hydropower, Adjustment for Fossil Fuel Equivalence","Trillion Btu"
"HVFJBUS","198813","1562.809","2","Conventional Hydropower, Adjustment for Fossil Fuel Equivalence","Trillion Btu"
"HVFJBUS","198913","1909.278","2","Conventional Hydropower, Adjustment for Fossil Fuel Equivalence","Trillion Btu"
"HVFJBUS","199013","2047.132","2","Conventional Hydropower, Adjustment for Fossil Fuel Equivalence","Trillion Btu"
"HVFJBUS","199113","2029.895","2","Conventional Hydropower, Adjustment for Fossil Fuel Equivalence","Trillion Btu"
"HVFJBUS","199213","1753.9","2","Conventional Hydropower, Adjustment for Fossil Fuel Equivalence","Trillion Btu"
"HVFJBUS","199313","1934.567","2","Conventional Hydropower, Adjustment for Fossil Fuel Equivalence","Trillion Btu"
"HVFJBUS","199413","1795.908","2","Conventional Hydropower, Adjustment for Fossil Fuel Equivalence","Trillion Btu"
"HVFJBUS","199513","2144.746","2","Conventional Hydropower, Adjustment for Fossil Fuel Equivalence","Trillion Btu"
"HVFJBUS","199613","2405.139","2","Conventional Hydropower, Adjustment for Fossil Fuel Equivalence","Trillion Btu"
"HVFJBUS","199713","2424.239","2","Conventional Hydropower, Adjustment for Fossil Fuel Equivalence","Trillion Btu"
"HVFJBUS","199813","2193.832","2","Conventional Hydropower, Adjustment for Fossil Fuel Equivalence","Trillion Btu"
"HVFJBUS","199913","2177.319","2","Conventional Hydropower, Adjustment for Fossil Fuel Equivalence","Trillion Btu"
"HVFJBUS","200013","1870.862","2","Conventional Hydropower, Adjustment for Fossil Fuel Equivalence","Trillion Btu"
"HVFJBUS","200113","1501.587","2","Conventional Hydropower, Adjustment for Fossil Fuel Equivalence","Trillion Btu"
"HVFJBUS","200213","1787.127","2","Conventional Hydropower, Adjustment for Fossil Fuel Equivalence","Trillion Btu"
"HVFJBUS","200313","1851.488","2","Conventional Hydropower, Adjustment for Fossil Fuel Equivalence","Trillion Btu"
"HVFJBUS","200413","1772.628","2","Conventional Hydropower, Adjustment for Fossil Fuel Equivalence","Trillion Btu"
"HVFJBUS","200513","1780.606","2","Conventional Hydropower, Adjustment for Fossil Fuel Equivalence","Trillion Btu"
"HVFJBUS","200613","1882.126","2","Conventional Hydropower, Adjustment for Fossil Fuel Equivalence","Trillion Btu"
"HVFJBUS","200713","1601.885","2","Conventional Hydropower, Adjustment for Fossil Fuel Equivalence","Trillion Btu"
"HVFJBUS","200813","1641.624","2","Conventional Hydropower, Adjustment for Fossil Fuel Equivalence","Trillion Btu"
"HVFJBUS","200913","1735.829","2","Conventional Hydropower, Adjustment for Fossil Fuel Equivalence","Trillion Btu"
"HVFJBUS","201013","1650.728","2","Conventional Hydropower, Adjustment for Fossil Fuel Equivalence","Trillion Btu"
"HVFJBUS","201113","2013.213","2","Conventional Hydropower, Adjustment for Fossil Fuel Equivalence","Trillion Btu"
"HVFJBUS","201213","1686.17","2","Conventional Hydropower, Adjustment for Fossil Fuel Equivalence","Trillion Btu"
"HVFJBUS","201313","1646.037","2","Conventional Hydropower, Adjustment for Fossil Fuel Equivalence","Trillion Btu"
"HVFJBUS","201413","1581.618","2","Conventional Hydropower, Adjustment for Fossil Fuel Equivalence","Trillion Btu"
"HVFJBUS","201513","1471.316","2","Conventional Hydropower, Adjustment for Fossil Fuel Equivalence","Trillion Btu"
"HVFJBUS","201613","1558.667","2","Conventional Hydropower, Adjustment for Fossil Fuel Equivalence","Trillion Btu"
"HVFJBUS","201713","1742.231","2","Conventional Hydropower, Adjustment for Fossil Fuel Equivalence","Trillion Btu"
"HVFJBUS","201813","1665.047","2","Conventional Hydropower, Adjustment for Fossil Fuel Equivalence","Trillion Btu"
"HVFJBUS","201913","1557.942","2","Conventional Hydropower, Adjustment for Fossil Fuel Equivalence","Trillion Btu"
"HVTCBUS","194913","1424.722","3","Conventional Hydropower Consumption","Trillion Btu"
"HVTCBUS","195013","1415.411","3","Conventional Hydropower Consumption","Trillion Btu"
"HVTCBUS","195113","1423.795","3","Conventional Hydropower Consumption","Trillion Btu"
"HVTCBUS","195213","1465.812","3","Conventional Hydropower Consumption","Trillion Btu"
"HVTCBUS","195313","1412.859","3","Conventional Hydropower Consumption","Trillion Btu"
"HVTCBUS","195413","1359.772","3","Conventional Hydropower Consumption","Trillion Btu"
"HVTCBUS","195513","1359.844","3","Conventional Hydropower Consumption","Trillion Btu"
"HVTCBUS","195613","1434.711","3","Conventional Hydropower Consumption","Trillion Btu"
"HVTCBUS","195713","1515.613","3","Conventional Hydropower Consumption","Trillion Btu"
"HVTCBUS","195813","1591.967","3","Conventional Hydropower Consumption","Trillion Btu"
"HVTCBUS","195913","1548.465","3","Conventional Hydropower Consumption","Trillion Btu"
"HVTCBUS","196013","1607.975","3","Conventional Hydropower Consumption","Trillion Btu"
"HVTCBUS","196113","1656.463","3","Conventional Hydropower Consumption","Trillion Btu"
"HVTCBUS","196213","1816.141","3","Conventional Hydropower Consumption","Trillion Btu"
"HVTCBUS","196313","1771.355","3","Conventional Hydropower Consumption","Trillion Btu"
"HVTCBUS","196413","1886.314","3","Conventional Hydropower Consumption","Trillion Btu"
"HVTCBUS","196513","2059.077","3","Conventional Hydropower Consumption","Trillion Btu"
"HVTCBUS","196613","2061.519","3","Conventional Hydropower Consumption","Trillion Btu"
"HVTCBUS","196713","2346.664","3","Conventional Hydropower Consumption","Trillion Btu"
"HVTCBUS","196813","2348.629","3","Conventional Hydropower Consumption","Trillion Btu"
"HVTCBUS","196913","2647.983","3","Conventional Hydropower Consumption","Trillion Btu"
"HVTCBUS","197013","2633.547","3","Conventional Hydropower Consumption","Trillion Btu"
"HVTCBUS","197113","2824.151","3","Conventional Hydropower Consumption","Trillion Btu"
"HVTCBUS","197213","2863.865","3","Conventional Hydropower Consumption","Trillion Btu"
"HVTCBUS","197313","2861.448","3","Conventional Hydropower Consumption","Trillion Btu"
"HVTCBUS","197413","3176.58","3","Conventional Hydropower Consumption","Trillion Btu"
"HVTCBUS","197513","3154.607","3","Conventional Hydropower Consumption","Trillion Btu"
"HVTCBUS","197613","2976.265","3","Conventional Hydropower Consumption","Trillion Btu"
"HVTCBUS","197713","2333.252","3","Conventional Hydropower Consumption","Trillion Btu"
"HVTCBUS","197813","2936.983","3","Conventional Hydropower Consumption","Trillion Btu"
"HVTCBUS","197913","2930.686","3","Conventional Hydropower Consumption","Trillion Btu"
"HVTCBUS","198013","2900.144","3","Conventional Hydropower Consumption","Trillion Btu"
"HVTCBUS","198113","2757.968","3","Conventional Hydropower Consumption","Trillion Btu"
"HVTCBUS","198213","3265.558","3","Conventional Hydropower Consumption","Trillion Btu"
"HVTCBUS","198313","3527.26","3","Conventional Hydropower Consumption","Trillion Btu"
"HVTCBUS","198413","3385.811","3","Conventional Hydropower Consumption","Trillion Btu"
"HVTCBUS","198513","2970.192","3","Conventional Hydropower Consumption","Trillion Btu"
"HVTCBUS","198613","3071.179","3","Conventional Hydropower Consumption","Trillion Btu"
"HVTCBUS","198713","2634.508","3","Conventional Hydropower Consumption","Trillion Btu"
"HVTCBUS","198813","2334.265","3","Conventional Hydropower Consumption","Trillion Btu"
"HVTCBUS","198913","2837.263","3","Conventional Hydropower Consumption","Trillion Btu"
"HVTCBUS","199013","3046.391","3","Conventional Hydropower Consumption","Trillion Btu"
"HVTCBUS","199113","3015.943","3","Conventional Hydropower Consumption","Trillion Btu"
"HVTCBUS","199213","2617.436","3","Conventional Hydropower Consumption","Trillion Btu"
"HVTCBUS","199313","2891.613","3","Conventional Hydropower Consumption","Trillion Btu"
"HVTCBUS","199413","2683.457","3","Conventional Hydropower Consumption","Trillion Btu"
"HVTCBUS","199513","3205.307","3","Conventional Hydropower Consumption","Trillion Btu"
"HVTCBUS","199613","3589.656","3","Conventional Hydropower Consumption","Trillion Btu"
"HVTCBUS","199713","3640.458","3","Conventional Hydropower Consumption","Trillion Btu"
"HVTCBUS","199813","3297.054","3","Conventional Hydropower Consumption","Trillion Btu"
"HVTCBUS","199913","3267.575","3","Conventional Hydropower Consumption","Trillion Btu"
"HVTCBUS","200013","2811.116","3","Conventional Hydropower Consumption","Trillion Btu"
"HVTCBUS","200113","2241.858","3","Conventional Hydropower Consumption","Trillion Btu"
"HVTCBUS","200213","2689.017","3","Conventional Hydropower Consumption","Trillion Btu"
"HVTCBUS","200313","2792.539","3","Conventional Hydropower Consumption","Trillion Btu"
"HVTCBUS","200413","2688.468","3","Conventional Hydropower Consumption","Trillion Btu"
"HVTCBUS","200513","2702.942","3","Conventional Hydropower Consumption","Trillion Btu"
"HVTCBUS","200613","2869.035","3","Conventional Hydropower Consumption","Trillion Btu"
"HVTCBUS","200713","2446.389","3","Conventional Hydropower Consumption","Trillion Btu"
"HVTCBUS","200813","2511.108","3","Conventional Hydropower Consumption","Trillion Btu"
"HVTCBUS","200913","2668.824","3","Conventional Hydropower Consumption","Trillion Btu"
"HVTCBUS","201013","2538.541","3","Conventional Hydropower Consumption","Trillion Btu"
"HVTCBUS","201113","3102.852","3","Conventional Hydropower Consumption","Trillion Btu"
"HVTCBUS","201213","2628.702","3","Conventional Hydropower Consumption","Trillion Btu"
"HVTCBUS","201313","2562.382","3","Conventional Hydropower Consumption","Trillion Btu"
"HVTCBUS","201413","2466.577","3","Conventional Hydropower Consumption","Trillion Btu"
"HVTCBUS","201513","2321.177","3","Conventional Hydropower Consumption","Trillion Btu"
"HVTCBUS","201613","2472.442","3","Conventional Hydropower Consumption","Trillion Btu"
"HVTCBUS","201713","2766.967","3","Conventional Hydropower Consumption","Trillion Btu"
"HVTCBUS","201813","2663.138","3","Conventional Hydropower Consumption","Trillion Btu"
"HVTCBUS","201913","2491.832","3","Conventional Hydropower Consumption","Trillion Btu"
"GEDUBUS","194913","Not Available","4","Geothermal Energy, Direct Consumption","Trillion Btu"
"GEDUBUS","195013","Not Available","4","Geothermal Energy, Direct Consumption","Trillion Btu"
"GEDUBUS","195113","Not Available","4","Geothermal Energy, Direct Consumption","Trillion Btu"
"GEDUBUS","195213","Not Available","4","Geothermal Energy, Direct Consumption","Trillion Btu"
"GEDUBUS","195313","Not Available","4","Geothermal Energy, Direct Consumption","Trillion Btu"
"GEDUBUS","195413","Not Available","4","Geothermal Energy, Direct Consumption","Trillion Btu"
"GEDUBUS","195513","Not Available","4","Geothermal Energy, Direct Consumption","Trillion Btu"
"GEDUBUS","195613","Not Available","4","Geothermal Energy, Direct Consumption","Trillion Btu"
"GEDUBUS","195713","Not Available","4","Geothermal Energy, Direct Consumption","Trillion Btu"
"GEDUBUS","195813","Not Available","4","Geothermal Energy, Direct Consumption","Trillion Btu"
"GEDUBUS","195913","Not Available","4","Geothermal Energy, Direct Consumption","Trillion Btu"
"GEDUBUS","196013","Not Available","4","Geothermal Energy, Direct Consumption","Trillion Btu"
"GEDUBUS","196113","Not Available","4","Geothermal Energy, Direct Consumption","Trillion Btu"
"GEDUBUS","196213","Not Available","4","Geothermal Energy, Direct Consumption","Trillion Btu"
"GEDUBUS","196313","Not Available","4","Geothermal Energy, Direct Consumption","Trillion Btu"
"GEDUBUS","196413","Not Available","4","Geothermal Energy, Direct Consumption","Trillion Btu"
"GEDUBUS","196513","Not Available","4","Geothermal Energy, Direct Consumption","Trillion Btu"
"GEDUBUS","196613","Not Available","4","Geothermal Energy, Direct Consumption","Trillion Btu"
"GEDUBUS","196713","Not Available","4","Geothermal Energy, Direct Consumption","Trillion Btu"
"GEDUBUS","196813","Not Available","4","Geothermal Energy, Direct Consumption","Trillion Btu"
"GEDUBUS","196913","Not Available","4","Geothermal Energy, Direct Consumption","Trillion Btu"
"GEDUBUS","197013","Not Available","4","Geothermal Energy, Direct Consumption","Trillion Btu"
"GEDUBUS","197113","Not Available","4","Geothermal Energy, Direct Consumption","Trillion Btu"
"GEDUBUS","197213","Not Available","4","Geothermal Energy, Direct Consumption","Trillion Btu"
"GEDUBUS","197313","Not Available","4","Geothermal Energy, Direct Consumption","Trillion Btu"
"GEDUBUS","197413","Not Available","4","Geothermal Energy, Direct Consumption","Trillion Btu"
"GEDUBUS","197513","Not Available","4","Geothermal Energy, Direct Consumption","Trillion Btu"
"GEDUBUS","197613","Not Available","4","Geothermal Energy, Direct Consumption","Trillion Btu"
"GEDUBUS","197713","Not Available","4","Geothermal Energy, Direct Consumption","Trillion Btu"
"GEDUBUS","197813","Not Available","4","Geothermal Energy, Direct Consumption","Trillion Btu"
"GEDUBUS","197913","Not Available","4","Geothermal Energy, Direct Consumption","Trillion Btu"
"GEDUBUS","198013","Not Available","4","Geothermal Energy, Direct Consumption","Trillion Btu"
"GEDUBUS","198113","Not Available","4","Geothermal Energy, Direct Consumption","Trillion Btu"
"GEDUBUS","198213","Not Available","4","Geothermal Energy, Direct Consumption","Trillion Btu"
"GEDUBUS","198313","Not Available","4","Geothermal Energy, Direct Consumption","Trillion Btu"
"GEDUBUS","198413","Not Available","4","Geothermal Energy, Direct Consumption","Trillion Btu"
"GEDUBUS","198513","Not Available","4","Geothermal Energy, Direct Consumption","Trillion Btu"
"GEDUBUS","198613","Not Available","4","Geothermal Energy, Direct Consumption","Trillion Btu"
"GEDUBUS","198713","Not Available","4","Geothermal Energy, Direct Consumption","Trillion Btu"
"GEDUBUS","198813","Not Available","4","Geothermal Energy, Direct Consumption","Trillion Btu"
"GEDUBUS","198913","9.3","4","Geothermal Energy, Direct Consumption","Trillion Btu"
"GEDUBUS","199013","10.2","4","Geothermal Energy, Direct Consumption","Trillion Btu"
"GEDUBUS","199113","11","4","Geothermal Energy, Direct Consumption","Trillion Btu"
"GEDUBUS","199213","11.8","4","Geothermal Energy, Direct Consumption","Trillion Btu"
"GEDUBUS","199313","12.6","4","Geothermal Energy, Direct Consumption","Trillion Btu"
"GEDUBUS","199413","13.2","4","Geothermal Energy, Direct Consumption","Trillion Btu"
"GEDUBUS","199513","14.1","4","Geothermal Energy, Direct Consumption","Trillion Btu"
"GEDUBUS","199613","15.2","4","Geothermal Energy, Direct Consumption","Trillion Btu"
"GEDUBUS","199713","16.3","4","Geothermal Energy, Direct Consumption","Trillion Btu"
"GEDUBUS","199813","17.8","4","Geothermal Energy, Direct Consumption","Trillion Btu"
"GEDUBUS","199913","19.3","4","Geothermal Energy, Direct Consumption","Trillion Btu"
"GEDUBUS","200013","20.6","4","Geothermal Energy, Direct Consumption","Trillion Btu"
"GEDUBUS","200113","22.48","4","Geothermal Energy, Direct Consumption","Trillion Btu"
"GEDUBUS","200213","23.744","4","Geothermal Energy, Direct Consumption","Trillion Btu"
"GEDUBUS","200313","27.4","4","Geothermal Energy, Direct Consumption","Trillion Btu"
"GEDUBUS","200413","29.8","4","Geothermal Energy, Direct Consumption","Trillion Btu"
"GEDUBUS","200513","33.8","4","Geothermal Energy, Direct Consumption","Trillion Btu"
"GEDUBUS","200613","36.7","4","Geothermal Energy, Direct Consumption","Trillion Btu"
"GEDUBUS","200713","41.1","4","Geothermal Energy, Direct Consumption","Trillion Btu"
"GEDUBUS","200813","46.2","4","Geothermal Energy, Direct Consumption","Trillion Btu"
"GEDUBUS","200913","53.7","4","Geothermal Energy, Direct Consumption","Trillion Btu"
"GEDUBUS","201013","59.5","4","Geothermal Energy, Direct Consumption","Trillion Btu"
"GEDUBUS","201113","63.5","4","Geothermal Energy, Direct Consumption","Trillion Btu"
"GEDUBUS","201213","63.5","4","Geothermal Energy, Direct Consumption","Trillion Btu"
"GEDUBUS","201313","63.5","4","Geothermal Energy, Direct Consumption","Trillion Btu"
"GEDUBUS","201413","63.5","4","Geothermal Energy, Direct Consumption","Trillion Btu"
"GEDUBUS","201513","63.5","4","Geothermal Energy, Direct Consumption","Trillion Btu"
"GEDUBUS","201613","63.5","4","Geothermal Energy, Direct Consumption","Trillion Btu"
"GEDUBUS","201713","63.5","4","Geothermal Energy, Direct Consumption","Trillion Btu"
"GEDUBUS","201813","63.5","4","Geothermal Energy, Direct Consumption","Trillion Btu"
"GEDUBUS","201913","63.5","4","Geothermal Energy, Direct Consumption","Trillion Btu"
"GET3BUS","194913","Not Available","5","Geothermal Energy, Transformed Into Electricity","Trillion Btu"
"GET3BUS","195013","Not Available","5","Geothermal Energy, Transformed Into Electricity","Trillion Btu"
"GET3BUS","195113","Not Available","5","Geothermal Energy, Transformed Into Electricity","Trillion Btu"
"GET3BUS","195213","Not Available","5","Geothermal Energy, Transformed Into Electricity","Trillion Btu"
"GET3BUS","195313","Not Available","5","Geothermal Energy, Transformed Into Electricity","Trillion Btu"
"GET3BUS","195413","Not Available","5","Geothermal Energy, Transformed Into Electricity","Trillion Btu"
"GET3BUS","195513","Not Available","5","Geothermal Energy, Transformed Into Electricity","Trillion Btu"
"GET3BUS","195613","Not Available","5","Geothermal Energy, Transformed Into Electricity","Trillion Btu"
"GET3BUS","195713","Not Available","5","Geothermal Energy, Transformed Into Electricity","Trillion Btu"
"GET3BUS","195813","Not Available","5","Geothermal Energy, Transformed Into Electricity","Trillion Btu"
"GET3BUS","195913","Not Available","5","Geothermal Energy, Transformed Into Electricity","Trillion Btu"
"GET3BUS","196013","0.114","5","Geothermal Energy, Transformed Into Electricity","Trillion Btu"
"GET3BUS","196113","0.321","5","Geothermal Energy, Transformed Into Electricity","Trillion Btu"
"GET3BUS","196213","0.343","5","Geothermal Energy, Transformed Into Electricity","Trillion Btu"
"GET3BUS","196313","0.573","5","Geothermal Energy, Transformed Into Electricity","Trillion Btu"
"GET3BUS","196413","0.695","5","Geothermal Energy, Transformed Into Electricity","Trillion Btu"
"GET3BUS","196513","0.646","5","Geothermal Energy, Transformed Into Electricity","Trillion Btu"
"GET3BUS","196613","0.641","5","Geothermal Energy, Transformed Into Electricity","Trillion Btu"
"GET3BUS","196713","1.079","5","Geothermal Energy, Transformed Into Electricity","Trillion Btu"
"GET3BUS","196813","1.487","5","Geothermal Energy, Transformed Into Electricity","Trillion Btu"
"GET3BUS","196913","2.097","5","Geothermal Energy, Transformed Into Electricity","Trillion Btu"
"GET3BUS","197013","1.792","5","Geothermal Energy, Transformed Into Electricity","Trillion Btu"
"GET3BUS","197113","1.869","5","Geothermal Energy, Transformed Into Electricity","Trillion Btu"
"GET3BUS","197213","4.957","5","Geothermal Energy, Transformed Into Electricity","Trillion Btu"
"GET3BUS","197313","6.707","5","Geothermal Energy, Transformed Into Electricity","Trillion Btu"
"GET3BUS","197413","8.368","5","Geothermal Energy, Transformed Into Electricity","Trillion Btu"
"GET3BUS","197513","11.076","5","Geothermal Energy, Transformed Into Electricity","Trillion Btu"
"GET3BUS","197613","12.339","5","Geothermal Energy, Transformed Into Electricity","Trillion Btu"
"GET3BUS","197713","12.223","5","Geothermal Energy, Transformed Into Electricity","Trillion Btu"
"GET3BUS","197813","10.16","5","Geothermal Energy, Transformed Into Electricity","Trillion Btu"
"GET3BUS","197913","13.269","5","Geothermal Energy, Transformed Into Electricity","Trillion Btu"
"GET3BUS","198013","17.309","5","Geothermal Energy, Transformed Into Electricity","Trillion Btu"
"GET3BUS","198113","19.401","5","Geothermal Energy, Transformed Into Electricity","Trillion Btu"
"GET3BUS","198213","16.524","5","Geothermal Energy, Transformed Into Electricity","Trillion Btu"
"GET3BUS","198313","20.728","5","Geothermal Energy, Transformed Into Electricity","Trillion Btu"
"GET3BUS","198413","26.411","5","Geothermal Energy, Transformed Into Electricity","Trillion Btu"
"GET3BUS","198513","31.818","5","Geothermal Energy, Transformed Into Electricity","Trillion Btu"
"GET3BUS","198613","35.171","5","Geothermal Energy, Transformed Into Electricity","Trillion Btu"
"GET3BUS","198713","36.766","5","Geothermal Energy, Transformed Into Electricity","Trillion Btu"
"GET3BUS","198813","35.144","5","Geothermal Energy, Transformed Into Electricity","Trillion Btu"
"GET3BUS","198913","49.793","5","Geothermal Energy, Transformed Into Electricity","Trillion Btu"
"GET3BUS","199013","52.662","5","Geothermal Energy, Transformed Into Electricity","Trillion Btu"
"GET3BUS","199113","54.478","5","Geothermal Energy, Transformed Into Electricity","Trillion Btu"
"GET3BUS","199213","55.063","5","Geothermal Energy, Transformed Into Electricity","Trillion Btu"
"GET3BUS","199313","57.283","5","Geothermal Energy, Transformed Into Electricity","Trillion Btu"
"GET3BUS","199413","53.007","5","Geothermal Energy, Transformed Into Electricity","Trillion Btu"
"GET3BUS","199513","45.647","5","Geothermal Energy, Transformed Into Electricity","Trillion Btu"
"GET3BUS","199613","48.889","5","Geothermal Energy, Transformed Into Electricity","Trillion Btu"
"GET3BUS","199713","50.245","5","Geothermal Energy, Transformed Into Electricity","Trillion Btu"
"GET3BUS","199813","50.409","5","Geothermal Energy, Transformed Into Electricity","Trillion Btu"
"GET3BUS","199913","50.59","5","Geothermal Energy, Transformed Into Electricity","Trillion Btu"
"GET3BUS","200013","48.086","5","Geothermal Energy, Transformed Into Electricity","Trillion Btu"
"GET3BUS","200113","46.883","5","Geothermal Energy, Transformed Into Electricity","Trillion Btu"
"GET3BUS","200213","49.444","5","Geothermal Energy, Transformed Into Electricity","Trillion Btu"
"GET3BUS","200313","49.215","5","Geothermal Energy, Transformed Into Electricity","Trillion Btu"
"GET3BUS","200413","50.535","5","Geothermal Energy, Transformed Into Electricity","Trillion Btu"
"GET3BUS","200513","50.128","5","Geothermal Energy, Transformed Into Electricity","Trillion Btu"
"GET3BUS","200613","49.706","5","Geothermal Energy, Transformed Into Electricity","Trillion Btu"
"GET3BUS","200713","49.942","5","Geothermal Energy, Transformed Into Electricity","Trillion Btu"
"GET3BUS","200813","50.634","5","Geothermal Energy, Transformed Into Electricity","Trillion Btu"
"GET3BUS","200913","51.21","5","Geothermal Energy, Transformed Into Electricity","Trillion Btu"
"GET3BUS","201013","51.928","5","Geothermal Energy, Transformed Into Electricity","Trillion Btu"
"GET3BUS","201113","52.258","5","Geothermal Energy, Transformed Into Electricity","Trillion Btu"
"GET3BUS","201213","53.099","5","Geothermal Energy, Transformed Into Electricity","Trillion Btu"
"GET3BUS","201313","53.823","5","Geothermal Energy, Transformed Into Electricity","Trillion Btu"
"GET3BUS","201413","54.172","5","Geothermal Energy, Transformed Into Electricity","Trillion Btu"
"GET3BUS","201513","54.311","5","Geothermal Energy, Transformed Into Electricity","Trillion Btu"
"GET3BUS","201613","53.998","5","Geothermal Energy, Transformed Into Electricity","Trillion Btu"
"GET3BUS","201713","54.342","5","Geothermal Energy, Transformed Into Electricity","Trillion Btu"
"GET3BUS","201813","54.48","5","Geothermal Energy, Transformed Into Electricity","Trillion Btu"
"GET3BUS","201913","54.628","5","Geothermal Energy, Transformed Into Electricity","Trillion Btu"
"GEFJBUS","194913","Not Available","6","Geothermal Energy, Adjustment for Fossil Fuel Equivalence","Trillion Btu"
"GEFJBUS","195013","Not Available","6","Geothermal Energy, Adjustment for Fossil Fuel Equivalence","Trillion Btu"
"GEFJBUS","195113","Not Available","6","Geothermal Energy, Adjustment for Fossil Fuel Equivalence","Trillion Btu"
"GEFJBUS","195213","Not Available","6","Geothermal Energy, Adjustment for Fossil Fuel Equivalence","Trillion Btu"
"GEFJBUS","195313","Not Available","6","Geothermal Energy, Adjustment for Fossil Fuel Equivalence","Trillion Btu"
"GEFJBUS","195413","Not Available","6","Geothermal Energy, Adjustment for Fossil Fuel Equivalence","Trillion Btu"
"GEFJBUS","195513","Not Available","6","Geothermal Energy, Adjustment for Fossil Fuel Equivalence","Trillion Btu"
"GEFJBUS","195613","Not Available","6","Geothermal Energy, Adjustment for Fossil Fuel Equivalence","Trillion Btu"
"GEFJBUS","195713","Not Available","6","Geothermal Energy, Adjustment for Fossil Fuel Equivalence","Trillion Btu"
"GEFJBUS","195813","Not Available","6","Geothermal Energy, Adjustment for Fossil Fuel Equivalence","Trillion Btu"
"GEFJBUS","195913","Not Available","6","Geothermal Energy, Adjustment for Fossil Fuel Equivalence","Trillion Btu"
"GEFJBUS","196013","0.245","6","Geothermal Energy, Adjustment for Fossil Fuel Equivalence","Trillion Btu"
"GEFJBUS","196113","0.68","6","Geothermal Energy, Adjustment for Fossil Fuel Equivalence","Trillion Btu"
"GEFJBUS","196213","0.718","6","Geothermal Energy, Adjustment for Fossil Fuel Equivalence","Trillion Btu"
"GEFJBUS","196313","1.187","6","Geothermal Energy, Adjustment for Fossil Fuel Equivalence","Trillion Btu"
"GEFJBUS","196413","1.437","6","Geothermal Energy, Adjustment for Fossil Fuel Equivalence","Trillion Btu"
"GEFJBUS","196513","1.332","6","Geothermal Energy, Adjustment for Fossil Fuel Equivalence","Trillion Btu"
"GEFJBUS","196613","1.317","6","Geothermal Energy, Adjustment for Fossil Fuel Equivalence","Trillion Btu"
"GEFJBUS","196713","2.221","6","Geothermal Energy, Adjustment for Fossil Fuel Equivalence","Trillion Btu"
"GEFJBUS","196813","3.045","6","Geothermal Energy, Adjustment for Fossil Fuel Equivalence","Trillion Btu"
"GEFJBUS","196913","4.325","6","Geothermal Energy, Adjustment for Fossil Fuel Equivalence","Trillion Btu"
"GEFJBUS","197013","3.719","6","Geothermal Energy, Adjustment for Fossil Fuel Equivalence","Trillion Btu"
"GEFJBUS","197113","3.87","6","Geothermal Energy, Adjustment for Fossil Fuel Equivalence","Trillion Btu"
"GEFJBUS","197213","10.122","6","Geothermal Energy, Adjustment for Fossil Fuel Equivalence","Trillion Btu"
"GEFJBUS","197313","13.715","6","Geothermal Energy, Adjustment for Fossil Fuel Equivalence","Trillion Btu"
"GEFJBUS","197413","17.242","6","Geothermal Energy, Adjustment for Fossil Fuel Equivalence","Trillion Btu"
"GEFJBUS","197513","22.704","6","Geothermal Energy, Adjustment for Fossil Fuel Equivalence","Trillion Btu"
"GEFJBUS","197613","25.174","6","Geothermal Energy, Adjustment for Fossil Fuel Equivalence","Trillion Btu"
"GEFJBUS","197713","25.159","6","Geothermal Energy, Adjustment for Fossil Fuel Equivalence","Trillion Btu"
"GEFJBUS","197813","20.692","6","Geothermal Energy, Adjustment for Fossil Fuel Equivalence","Trillion Btu"
"GEFJBUS","197913","26.993","6","Geothermal Energy, Adjustment for Fossil Fuel Equivalence","Trillion Btu"
"GEFJBUS","198013","35.39","6","Geothermal Energy, Adjustment for Fossil Fuel Equivalence","Trillion Btu"
"GEFJBUS","198113","40.036","6","Geothermal Energy, Adjustment for Fossil Fuel Equivalence","Trillion Btu"
"GEFJBUS","198213","34.103","6","Geothermal Energy, Adjustment for Fossil Fuel Equivalence","Trillion Btu"
"GEFJBUS","198313","43.182","6","Geothermal Energy, Adjustment for Fossil Fuel Equivalence","Trillion Btu"
"GEFJBUS","198413","54.4","6","Geothermal Energy, Adjustment for Fossil Fuel Equivalence","Trillion Btu"
"GEFJBUS","198513","65.603","6","Geothermal Energy, Adjustment for Fossil Fuel Equivalence","Trillion Btu"
"GEFJBUS","198613","72.506","6","Geothermal Energy, Adjustment for Fossil Fuel Equivalence","Trillion Btu"
"GEFJBUS","198713","75.504","6","Geothermal Energy, Adjustment for Fossil Fuel Equivalence","Trillion Btu"
"GEFJBUS","198813","71.194","6","Geothermal Energy, Adjustment for Fossil Fuel Equivalence","Trillion Btu"
"GEFJBUS","198913","102.446","6","Geothermal Energy, Adjustment for Fossil Fuel Equivalence","Trillion Btu"
"GEFJBUS","199013","107.886","6","Geothermal Energy, Adjustment for Fossil Fuel Equivalence","Trillion Btu"
"GEFJBUS","199113","112.148","6","Geothermal Energy, Adjustment for Fossil Fuel Equivalence","Trillion Btu"
"GEFJBUS","199213","111.836","6","Geothermal Energy, Adjustment for Fossil Fuel Equivalence","Trillion Btu"
"GEFJBUS","199313","115.791","6","Geothermal Energy, Adjustment for Fossil Fuel Equivalence","Trillion Btu"
"GEFJBUS","199413","107.257","6","Geothermal Energy, Adjustment for Fossil Fuel Equivalence","Trillion Btu"
"GEFJBUS","199513","92.31","6","Geothermal Energy, Adjustment for Fossil Fuel Equivalence","Trillion Btu"
"GEFJBUS","199613","99.269","6","Geothermal Energy, Adjustment for Fossil Fuel Equivalence","Trillion Btu"
"GEFJBUS","199713","100.152","6","Geothermal Energy, Adjustment for Fossil Fuel Equivalence","Trillion Btu"
"GEFJBUS","199813","100.241","6","Geothermal Energy, Adjustment for Fossil Fuel Equivalence","Trillion Btu"
"GEFJBUS","199913","101.031","6","Geothermal Energy, Adjustment for Fossil Fuel Equivalence","Trillion Btu"
"GEFJBUS","200013","95.678","6","Geothermal Energy, Adjustment for Fossil Fuel Equivalence","Trillion Btu"
"GEFJBUS","200113","95.098","6","Geothermal Energy, Adjustment for Fossil Fuel Equivalence","Trillion Btu"
"GEFJBUS","200213","97.976","6","Geothermal Energy, Adjustment for Fossil Fuel Equivalence","Trillion Btu"
"GEFJBUS","200313","96.83","6","Geothermal Energy, Adjustment for Fossil Fuel Equivalence","Trillion Btu"
"GEFJBUS","200413","97.812","6","Geothermal Energy, Adjustment for Fossil Fuel Equivalence","Trillion Btu"
"GEFJBUS","200513","96.775","6","Geothermal Energy, Adjustment for Fossil Fuel Equivalence","Trillion Btu"
"GEFJBUS","200613","94.794","6","Geothermal Energy, Adjustment for Fossil Fuel Equivalence","Trillion Btu"
"GEFJBUS","200713","94.732","6","Geothermal Energy, Adjustment for Fossil Fuel Equivalence","Trillion Btu"
"GEFJBUS","200813","95.599","6","Geothermal Energy, Adjustment for Fossil Fuel Equivalence","Trillion Btu"
"GEFJBUS","200913","95.275","6","Geothermal Energy, Adjustment for Fossil Fuel Equivalence","Trillion Btu"
"GEFJBUS","201013","96.551","6","Geothermal Energy, Adjustment for Fossil Fuel Equivalence","Trillion Btu"
"GEFJBUS","201113","96.552","6","Geothermal Energy, Adjustment for Fossil Fuel Equivalence","Trillion Btu"
"GEFJBUS","201213","94.993","6","Geothermal Energy, Adjustment for Fossil Fuel Equivalence","Trillion Btu"
"GEFJBUS","201313","96.683","6","Geothermal Energy, Adjustment for Fossil Fuel Equivalence","Trillion Btu"
"GEFJBUS","201413","96.818","6","Geothermal Energy, Adjustment for Fossil Fuel Equivalence","Trillion Btu"
"GEFJBUS","201513","94.025","6","Geothermal Energy, Adjustment for Fossil Fuel Equivalence","Trillion Btu"
"GEFJBUS","201613","92.106","6","Geothermal Energy, Adjustment for Fossil Fuel Equivalence","Trillion Btu"
"GEFJBUS","201713","92.391","6","Geothermal Energy, Adjustment for Fossil Fuel Equivalence","Trillion Btu"
"GEFJBUS","201813","90.885","6","Geothermal Energy, Adjustment for Fossil Fuel Equivalence","Trillion Btu"
"GEFJBUS","201913","91.132","6","Geothermal Energy, Adjustment for Fossil Fuel Equivalence","Trillion Btu"
"GETCBUS","194913","Not Available","7","Geothermal Energy Consumption","Trillion Btu"
"GETCBUS","195013","Not Available","7","Geothermal Energy Consumption","Trillion Btu"
"GETCBUS","195113","Not Available","7","Geothermal Energy Consumption","Trillion Btu"
"GETCBUS","195213","Not Available","7","Geothermal Energy Consumption","Trillion Btu"
"GETCBUS","195313","Not Available","7","Geothermal Energy Consumption","Trillion Btu"
"GETCBUS","195413","Not Available","7","Geothermal Energy Consumption","Trillion Btu"
"GETCBUS","195513","Not Available","7","Geothermal Energy Consumption","Trillion Btu"
"GETCBUS","195613","Not Available","7","Geothermal Energy Consumption","Trillion Btu"
"GETCBUS","195713","Not Available","7","Geothermal Energy Consumption","Trillion Btu"
"GETCBUS","195813","Not Available","7","Geothermal Energy Consumption","Trillion Btu"
"GETCBUS","195913","Not Available","7","Geothermal Energy Consumption","Trillion Btu"
"GETCBUS","196013","0.359","7","Geothermal Energy Consumption","Trillion Btu"
"GETCBUS","196113","1.001","7","Geothermal Energy Consumption","Trillion Btu"
"GETCBUS","196213","1.061","7","Geothermal Energy Consumption","Trillion Btu"
"GETCBUS","196313","1.76","7","Geothermal Energy Consumption","Trillion Btu"
"GETCBUS","196413","2.132","7","Geothermal Energy Consumption","Trillion Btu"
"GETCBUS","196513","1.978","7","Geothermal Energy Consumption","Trillion Btu"
"GETCBUS","196613","1.958","7","Geothermal Energy Consumption","Trillion Btu"
"GETCBUS","196713","3.3","7","Geothermal Energy Consumption","Trillion Btu"
"GETCBUS","196813","4.532","7","Geothermal Energy Consumption","Trillion Btu"
"GETCBUS","196913","6.422","7","Geothermal Energy Consumption","Trillion Btu"
"GETCBUS","197013","5.511","7","Geothermal Energy Consumption","Trillion Btu"
"GETCBUS","197113","5.739","7","Geothermal Energy Consumption","Trillion Btu"
"GETCBUS","197213","15.079","7","Geothermal Energy Consumption","Trillion Btu"
"GETCBUS","197313","20.422","7","Geothermal Energy Consumption","Trillion Btu"
"GETCBUS","197413","25.61","7","Geothermal Energy Consumption","Trillion Btu"
"GETCBUS","197513","33.78","7","Geothermal Energy Consumption","Trillion Btu"
"GETCBUS","197613","37.513","7","Geothermal Energy Consumption","Trillion Btu"
"GETCBUS","197713","37.382","7","Geothermal Energy Consumption","Trillion Btu"
"GETCBUS","197813","30.851","7","Geothermal Energy Consumption","Trillion Btu"
"GETCBUS","197913","40.262","7","Geothermal Energy Consumption","Trillion Btu"
"GETCBUS","198013","52.699","7","Geothermal Energy Consumption","Trillion Btu"
"GETCBUS","198113","59.437","7","Geothermal Energy Consumption","Trillion Btu"
"GETCBUS","198213","50.627","7","Geothermal Energy Consumption","Trillion Btu"
"GETCBUS","198313","63.91","7","Geothermal Energy Consumption","Trillion Btu"
"GETCBUS","198413","80.811","7","Geothermal Energy Consumption","Trillion Btu"
"GETCBUS","198513","97.421","7","Geothermal Energy Consumption","Trillion Btu"
"GETCBUS","198613","107.677","7","Geothermal Energy Consumption","Trillion Btu"
"GETCBUS","198713","112.27","7","Geothermal Energy Consumption","Trillion Btu"
"GETCBUS","198813","106.338","7","Geothermal Energy Consumption","Trillion Btu"
"GETCBUS","198913","161.539","7","Geothermal Energy Consumption","Trillion Btu"
"GETCBUS","199013","170.747","7","Geothermal Energy Consumption","Trillion Btu"
"GETCBUS","199113","177.626","7","Geothermal Energy Consumption","Trillion Btu"
"GETCBUS","199213","178.699","7","Geothermal Energy Consumption","Trillion Btu"
"GETCBUS","199313","185.673","7","Geothermal Energy Consumption","Trillion Btu"
"GETCBUS","199413","173.464","7","Geothermal Energy Consumption","Trillion Btu"
"GETCBUS","199513","152.057","7","Geothermal Energy Consumption","Trillion Btu"
"GETCBUS","199613","163.359","7","Geothermal Energy Consumption","Trillion Btu"
"GETCBUS","199713","166.698","7","Geothermal Energy Consumption","Trillion Btu"
"GETCBUS","199813","168.45","7","Geothermal Energy Consumption","Trillion Btu"
"GETCBUS","199913","170.921","7","Geothermal Energy Consumption","Trillion Btu"
"GETCBUS","200013","164.364","7","Geothermal Energy Consumption","Trillion Btu"
"GETCBUS","200113","164.461","7","Geothermal Energy Consumption","Trillion Btu"
"GETCBUS","200213","171.164","7","Geothermal Energy Consumption","Trillion Btu"
"GETCBUS","200313","173.445","7","Geothermal Energy Consumption","Trillion Btu"
"GETCBUS","200413","178.147","7","Geothermal Energy Consumption","Trillion Btu"
"GETCBUS","200513","180.703","7","Geothermal Energy Consumption","Trillion Btu"
"GETCBUS","200613","181.2","7","Geothermal Energy Consumption","Trillion Btu"
"GETCBUS","200713","185.774","7","Geothermal Energy Consumption","Trillion Btu"
"GETCBUS","200813","192.433","7","Geothermal Energy Consumption","Trillion Btu"
"GETCBUS","200913","200.185","7","Geothermal Energy Consumption","Trillion Btu"
"GETCBUS","201013","207.979","7","Geothermal Energy Consumption","Trillion Btu"
"GETCBUS","201113","212.311","7","Geothermal Energy Consumption","Trillion Btu"
"GETCBUS","201213","211.592","7","Geothermal Energy Consumption","Trillion Btu"
"GETCBUS","201313","214.006","7","Geothermal Energy Consumption","Trillion Btu"
"GETCBUS","201413","214.49","7","Geothermal Energy Consumption","Trillion Btu"
"GETCBUS","201513","211.836","7","Geothermal Energy Consumption","Trillion Btu"
"GETCBUS","201613","209.604","7","Geothermal Energy Consumption","Trillion Btu"
"GETCBUS","201713","210.233","7","Geothermal Energy Consumption","Trillion Btu"
"GETCBUS","201813","208.865","7","Geothermal Energy Consumption","Trillion Btu"
"GETCBUS","201913","209.26","7","Geothermal Energy Consumption","Trillion Btu"
"WYT3BUS","194913","Not Available","8","Wind Energy, Transformed Into Electricity","Trillion Btu"
"WYT3BUS","195013","Not Available","8","Wind Energy, Transformed Into Electricity","Trillion Btu"
"WYT3BUS","195113","Not Available","8","Wind Energy, Transformed Into Electricity","Trillion Btu"
"WYT3BUS","195213","Not Available","8","Wind Energy, Transformed Into Electricity","Trillion Btu"
"WYT3BUS","195313","Not Available","8","Wind Energy, Transformed Into Electricity","Trillion Btu"
"WYT3BUS","195413","Not Available","8","Wind Energy, Transformed Into Electricity","Trillion Btu"
"WYT3BUS","195513","Not Available","8","Wind Energy, Transformed Into Electricity","Trillion Btu"
"WYT3BUS","195613","Not Available","8","Wind Energy, Transformed Into Electricity","Trillion Btu"
"WYT3BUS","195713","Not Available","8","Wind Energy, Transformed Into Electricity","Trillion Btu"
"WYT3BUS","195813","Not Available","8","Wind Energy, Transformed Into Electricity","Trillion Btu"
"WYT3BUS","195913","Not Available","8","Wind Energy, Transformed Into Electricity","Trillion Btu"
"WYT3BUS","196013","Not Available","8","Wind Energy, Transformed Into Electricity","Trillion Btu"
"WYT3BUS","196113","Not Available","8","Wind Energy, Transformed Into Electricity","Trillion Btu"
"WYT3BUS","196213","Not Available","8","Wind Energy, Transformed Into Electricity","Trillion Btu"
"WYT3BUS","196313","Not Available","8","Wind Energy, Transformed Into Electricity","Trillion Btu"
"WYT3BUS","196413","Not Available","8","Wind Energy, Transformed Into Electricity","Trillion Btu"
"WYT3BUS","196513","Not Available","8","Wind Energy, Transformed Into Electricity","Trillion Btu"
"WYT3BUS","196613","Not Available","8","Wind Energy, Transformed Into Electricity","Trillion Btu"
"WYT3BUS","196713","Not Available","8","Wind Energy, Transformed Into Electricity","Trillion Btu"
"WYT3BUS","196813","Not Available","8","Wind Energy, Transformed Into Electricity","Trillion Btu"
"WYT3BUS","196913","Not Available","8","Wind Energy, Transformed Into Electricity","Trillion Btu"
"WYT3BUS","197013","Not Available","8","Wind Energy, Transformed Into Electricity","Trillion Btu"
"WYT3BUS","197113","Not Available","8","Wind Energy, Transformed Into Electricity","Trillion Btu"
"WYT3BUS","197213","Not Available","8","Wind Energy, Transformed Into Electricity","Trillion Btu"
"WYT3BUS","197313","Not Available","8","Wind Energy, Transformed Into Electricity","Trillion Btu"
"WYT3BUS","197413","Not Available","8","Wind Energy, Transformed Into Electricity","Trillion Btu"
"WYT3BUS","197513","Not Available","8","Wind Energy, Transformed Into Electricity","Trillion Btu"
"WYT3BUS","197613","Not Available","8","Wind Energy, Transformed Into Electricity","Trillion Btu"
"WYT3BUS","197713","Not Available","8","Wind Energy, Transformed Into Electricity","Trillion Btu"
"WYT3BUS","197813","Not Available","8","Wind Energy, Transformed Into Electricity","Trillion Btu"
"WYT3BUS","197913","Not Available","8","Wind Energy, Transformed Into Electricity","Trillion Btu"
"WYT3BUS","198013","Not Available","8","Wind Energy, Transformed Into Electricity","Trillion Btu"
"WYT3BUS","198113","Not Available","8","Wind Energy, Transformed Into Electricity","Trillion Btu"
"WYT3BUS","198213","Not Available","8","Wind Energy, Transformed Into Electricity","Trillion Btu"
"WYT3BUS","198313","0.009","8","Wind Energy, Transformed Into Electricity","Trillion Btu"
"WYT3BUS","198413","0.022","8","Wind Energy, Transformed Into Electricity","Trillion Btu"
"WYT3BUS","198513","0.02","8","Wind Energy, Transformed Into Electricity","Trillion Btu"
"WYT3BUS","198613","0.014","8","Wind Energy, Transformed Into Electricity","Trillion Btu"
"WYT3BUS","198713","0.012","8","Wind Energy, Transformed Into Electricity","Trillion Btu"
"WYT3BUS","198813","0.003","8","Wind Energy, Transformed Into Electricity","Trillion Btu"
"WYT3BUS","198913","7.206","8","Wind Energy, Transformed Into Electricity","Trillion Btu"
"WYT3BUS","199013","9.515","8","Wind Energy, Transformed Into Electricity","Trillion Btu"
"WYT3BUS","199113","10.069","8","Wind Energy, Transformed Into Electricity","Trillion Btu"
"WYT3BUS","199213","9.852","8","Wind Energy, Transformed Into Electricity","Trillion Btu"
"WYT3BUS","199313","10.256","8","Wind Energy, Transformed Into Electricity","Trillion Btu"
"WYT3BUS","199413","11.762","8","Wind Energy, Transformed Into Electricity","Trillion Btu"
"WYT3BUS","199513","10.796","8","Wind Energy, Transformed Into Electricity","Trillion Btu"
"WYT3BUS","199613","11.035","8","Wind Energy, Transformed Into Electricity","Trillion Btu"
"WYT3BUS","199713","11.219","8","Wind Energy, Transformed Into Electricity","Trillion Btu"
"WYT3BUS","199813","10.324","8","Wind Energy, Transformed Into Electricity","Trillion Btu"
"WYT3BUS","199913","15.313","8","Wind Energy, Transformed Into Electricity","Trillion Btu"
"WYT3BUS","200013","19.084","8","Wind Energy, Transformed Into Electricity","Trillion Btu"
"WYT3BUS","200113","22.988","8","Wind Energy, Transformed Into Electricity","Trillion Btu"
"WYT3BUS","200213","35.329","8","Wind Energy, Transformed Into Electricity","Trillion Btu"
"WYT3BUS","200313","38.172","8","Wind Energy, Transformed Into Electricity","Trillion Btu"
"WYT3BUS","200413","48.258","8","Wind Energy, Transformed Into Electricity","Trillion Btu"
"WYT3BUS","200513","60.77","8","Wind Energy, Transformed Into Electricity","Trillion Btu"
"WYT3BUS","200613","90.722","8","Wind Energy, Transformed Into Electricity","Trillion Btu"
"WYT3BUS","200713","117.543","8","Wind Energy, Transformed Into Electricity","Trillion Btu"
"WYT3BUS","200813","188.899","8","Wind Energy, Transformed Into Electricity","Trillion Btu"
"WYT3BUS","200913","252.099","8","Wind Energy, Transformed Into Electricity","Trillion Btu"
"WYT3BUS","201013","322.953","8","Wind Energy, Transformed Into Electricity","Trillion Btu"
"WYT3BUS","201113","410.043","8","Wind Energy, Transformed Into Electricity","Trillion Btu"
"WYT3BUS","201213","480.484","8","Wind Energy, Transformed Into Electricity","Trillion Btu"
"WYT3BUS","201313","572.669","8","Wind Energy, Transformed Into Electricity","Trillion Btu"
"WYT3BUS","201413","619.808","8","Wind Energy, Transformed Into Electricity","Trillion Btu"
"WYT3BUS","201513","650.732","8","Wind Energy, Transformed Into Electricity","Trillion Btu"
"WYT3BUS","201613","774.499","8","Wind Energy, Transformed Into Electricity","Trillion Btu"
"WYT3BUS","201713","867.681","8","Wind Energy, Transformed Into Electricity","Trillion Btu"
"WYT3BUS","201813","930.341","8","Wind Energy, Transformed Into Electricity","Trillion Btu"
"WYT3BUS","201913","1023.842","8","Wind Energy, Transformed Into Electricity","Trillion Btu"
"WYFJBUS","194913","Not Available","9","Wind Energy, Adjustment for Fossil Fuel Equivalence","Trillion Btu"
"WYFJBUS","195013","Not Available","9","Wind Energy, Adjustment for Fossil Fuel Equivalence","Trillion Btu"
"WYFJBUS","195113","Not Available","9","Wind Energy, Adjustment for Fossil Fuel Equivalence","Trillion Btu"
"WYFJBUS","195213","Not Available","9","Wind Energy, Adjustment for Fossil Fuel Equivalence","Trillion Btu"
"WYFJBUS","195313","Not Available","9","Wind Energy, Adjustment for Fossil Fuel Equivalence","Trillion Btu"
"WYFJBUS","195413","Not Available","9","Wind Energy, Adjustment for Fossil Fuel Equivalence","Trillion Btu"
"WYFJBUS","195513","Not Available","9","Wind Energy, Adjustment for Fossil Fuel Equivalence","Trillion Btu"
"WYFJBUS","195613","Not Available","9","Wind Energy, Adjustment for Fossil Fuel Equivalence","Trillion Btu"
"WYFJBUS","195713","Not Available","9","Wind Energy, Adjustment for Fossil Fuel Equivalence","Trillion Btu"
"WYFJBUS","195813","Not Available","9","Wind Energy, Adjustment for Fossil Fuel Equivalence","Trillion Btu"
"WYFJBUS","195913","Not Available","9","Wind Energy, Adjustment for Fossil Fuel Equivalence","Trillion Btu"
"WYFJBUS","196013","Not Available","9","Wind Energy, Adjustment for Fossil Fuel Equivalence","Trillion Btu"
"WYFJBUS","196113","Not Available","9","Wind Energy, Adjustment for Fossil Fuel Equivalence","Trillion Btu"
"WYFJBUS","196213","Not Available","9","Wind Energy, Adjustment for Fossil Fuel Equivalence","Trillion Btu"
"WYFJBUS","196313","Not Available","9","Wind Energy, Adjustment for Fossil Fuel Equivalence","Trillion Btu"
"WYFJBUS","196413","Not Available","9","Wind Energy, Adjustment for Fossil Fuel Equivalence","Trillion Btu"
"WYFJBUS","196513","Not Available","9","Wind Energy, Adjustment for Fossil Fuel Equivalence","Trillion Btu"
"WYFJBUS","196613","Not Available","9","Wind Energy, Adjustment for Fossil Fuel Equivalence","Trillion Btu"
"WYFJBUS","196713","Not Available","9","Wind Energy, Adjustment for Fossil Fuel Equivalence","Trillion Btu"
"WYFJBUS","196813","Not Available","9","Wind Energy, Adjustment for Fossil Fuel Equivalence","Trillion Btu"
"WYFJBUS","196913","Not Available","9","Wind Energy, Adjustment for Fossil Fuel Equivalence","Trillion Btu"
"WYFJBUS","197013","Not Available","9","Wind Energy, Adjustment for Fossil Fuel Equivalence","Trillion Btu"
"WYFJBUS","197113","Not Available","9","Wind Energy, Adjustment for Fossil Fuel Equivalence","Trillion Btu"
"WYFJBUS","197213","Not Available","9","Wind Energy, Adjustment for Fossil Fuel Equivalence","Trillion Btu"
"WYFJBUS","197313","Not Available","9","Wind Energy, Adjustment for Fossil Fuel Equivalence","Trillion Btu"
"WYFJBUS","197413","Not Available","9","Wind Energy, Adjustment for Fossil Fuel Equivalence","Trillion Btu"
"WYFJBUS","197513","Not Available","9","Wind Energy, Adjustment for Fossil Fuel Equivalence","Trillion Btu"
"WYFJBUS","197613","Not Available","9","Wind Energy, Adjustment for Fossil Fuel Equivalence","Trillion Btu"
"WYFJBUS","197713","Not Available","9","Wind Energy, Adjustment for Fossil Fuel Equivalence","Trillion Btu"
"WYFJBUS","197813","Not Available","9","Wind Energy, Adjustment for Fossil Fuel Equivalence","Trillion Btu"
"WYFJBUS","197913","Not Available","9","Wind Energy, Adjustment for Fossil Fuel Equivalence","Trillion Btu"
"WYFJBUS","198013","Not Available","9","Wind Energy, Adjustment for Fossil Fuel Equivalence","Trillion Btu"
"WYFJBUS","198113","Not Available","9","Wind Energy, Adjustment for Fossil Fuel Equivalence","Trillion Btu"
"WYFJBUS","198213","Not Available","9","Wind Energy, Adjustment for Fossil Fuel Equivalence","Trillion Btu"
"WYFJBUS","198313","0.019","9","Wind Energy, Adjustment for Fossil Fuel Equivalence","Trillion Btu"
"WYFJBUS","198413","0.046","9","Wind Energy, Adjustment for Fossil Fuel Equivalence","Trillion Btu"
"WYFJBUS","198513","0.041","9","Wind Energy, Adjustment for Fossil Fuel Equivalence","Trillion Btu"
"WYFJBUS","198613","0.029","9","Wind Energy, Adjustment for Fossil Fuel Equivalence","Trillion Btu"
"WYFJBUS","198713","0.025","9","Wind Energy, Adjustment for Fossil Fuel Equivalence","Trillion Btu"
"WYFJBUS","198813","0.006","9","Wind Energy, Adjustment for Fossil Fuel Equivalence","Trillion Btu"
"WYFJBUS","198913","14.827","9","Wind Energy, Adjustment for Fossil Fuel Equivalence","Trillion Btu"
"WYFJBUS","199013","19.492","9","Wind Energy, Adjustment for Fossil Fuel Equivalence","Trillion Btu"
"WYFJBUS","199113","20.727","9","Wind Energy, Adjustment for Fossil Fuel Equivalence","Trillion Btu"
"WYFJBUS","199213","20.011","9","Wind Energy, Adjustment for Fossil Fuel Equivalence","Trillion Btu"
"WYFJBUS","199313","20.731","9","Wind Energy, Adjustment for Fossil Fuel Equivalence","Trillion Btu"
"WYFJBUS","199413","23.799","9","Wind Energy, Adjustment for Fossil Fuel Equivalence","Trillion Btu"
"WYFJBUS","199513","21.833","9","Wind Energy, Adjustment for Fossil Fuel Equivalence","Trillion Btu"
"WYFJBUS","199613","22.406","9","Wind Energy, Adjustment for Fossil Fuel Equivalence","Trillion Btu"
"WYFJBUS","199713","22.362","9","Wind Energy, Adjustment for Fossil Fuel Equivalence","Trillion Btu"
"WYFJBUS","199813","20.529","9","Wind Energy, Adjustment for Fossil Fuel Equivalence","Trillion Btu"
"WYFJBUS","199913","30.581","9","Wind Energy, Adjustment for Fossil Fuel Equivalence","Trillion Btu"
"WYFJBUS","200013","37.973","9","Wind Energy, Adjustment for Fossil Fuel Equivalence","Trillion Btu"
"WYFJBUS","200113","46.629","9","Wind Energy, Adjustment for Fossil Fuel Equivalence","Trillion Btu"
"WYFJBUS","200213","70.005","9","Wind Energy, Adjustment for Fossil Fuel Equivalence","Trillion Btu"
"WYFJBUS","200313","75.101","9","Wind Energy, Adjustment for Fossil Fuel Equivalence","Trillion Btu"
"WYFJBUS","200413","93.405","9","Wind Energy, Adjustment for Fossil Fuel Equivalence","Trillion Btu"
"WYFJBUS","200513","117.318","9","Wind Energy, Adjustment for Fossil Fuel Equivalence","Trillion Btu"
"WYFJBUS","200613","173.016","9","Wind Energy, Adjustment for Fossil Fuel Equivalence","Trillion Btu"
"WYFJBUS","200713","222.96","9","Wind Energy, Adjustment for Fossil Fuel Equivalence","Trillion Btu"
"WYFJBUS","200813","356.649","9","Wind Energy, Adjustment for Fossil Fuel Equivalence","Trillion Btu"
"WYFJBUS","200913","469.029","9","Wind Energy, Adjustment for Fossil Fuel Equivalence","Trillion Btu"
"WYFJBUS","201013","600.474","9","Wind Energy, Adjustment for Fossil Fuel Equivalence","Trillion Btu"
"WYFJBUS","201113","757.593","9","Wind Energy, Adjustment for Fossil Fuel Equivalence","Trillion Btu"
"WYFJBUS","201213","859.576","9","Wind Energy, Adjustment for Fossil Fuel Equivalence","Trillion Btu"
"WYFJBUS","201313","1028.69","9","Wind Energy, Adjustment for Fossil Fuel Equivalence","Trillion Btu"
"WYFJBUS","201413","1107.734","9","Wind Energy, Adjustment for Fossil Fuel Equivalence","Trillion Btu"
"WYFJBUS","201513","1126.574","9","Wind Energy, Adjustment for Fossil Fuel Equivalence","Trillion Btu"
"WYFJBUS","201613","1321.097","9","Wind Energy, Adjustment for Fossil Fuel Equivalence","Trillion Btu"
"WYFJBUS","201713","1475.21","9","Wind Energy, Adjustment for Fossil Fuel Equivalence","Trillion Btu"
"WYFJBUS","201813","1552.023","9","Wind Energy, Adjustment for Fossil Fuel Equivalence","Trillion Btu"
"WYFJBUS","201913","1708.004","9","Wind Energy, Adjustment for Fossil Fuel Equivalence","Trillion Btu"
"WYTCBUS","194913","Not Available","10","Wind Energy Consumption","Trillion Btu"
"WYTCBUS","195013","Not Available","10","Wind Energy Consumption","Trillion Btu"
"WYTCBUS","195113","Not Available","10","Wind Energy Consumption","Trillion Btu"
"WYTCBUS","195213","Not Available","10","Wind Energy Consumption","Trillion Btu"
"WYTCBUS","195313","Not Available","10","Wind Energy Consumption","Trillion Btu"
"WYTCBUS","195413","Not Available","10","Wind Energy Consumption","Trillion Btu"
"WYTCBUS","195513","Not Available","10","Wind Energy Consumption","Trillion Btu"
"WYTCBUS","195613","Not Available","10","Wind Energy Consumption","Trillion Btu"
"WYTCBUS","195713","Not Available","10","Wind Energy Consumption","Trillion Btu"
"WYTCBUS","195813","Not Available","10","Wind Energy Consumption","Trillion Btu"
"WYTCBUS","195913","Not Available","10","Wind Energy Consumption","Trillion Btu"
"WYTCBUS","196013","Not Available","10","Wind Energy Consumption","Trillion Btu"
"WYTCBUS","196113","Not Available","10","Wind Energy Consumption","Trillion Btu"
"WYTCBUS","196213","Not Available","10","Wind Energy Consumption","Trillion Btu"
"WYTCBUS","196313","Not Available","10","Wind Energy Consumption","Trillion Btu"
"WYTCBUS","196413","Not Available","10","Wind Energy Consumption","Trillion Btu"
"WYTCBUS","196513","Not Available","10","Wind Energy Consumption","Trillion Btu"
"WYTCBUS","196613","Not Available","10","Wind Energy Consumption","Trillion Btu"
"WYTCBUS","196713","Not Available","10","Wind Energy Consumption","Trillion Btu"
"WYTCBUS","196813","Not Available","10","Wind Energy Consumption","Trillion Btu"
"WYTCBUS","196913","Not Available","10","Wind Energy Consumption","Trillion Btu"
"WYTCBUS","197013","Not Available","10","Wind Energy Consumption","Trillion Btu"
"WYTCBUS","197113","Not Available","10","Wind Energy Consumption","Trillion Btu"
"WYTCBUS","197213","Not Available","10","Wind Energy Consumption","Trillion Btu"
"WYTCBUS","197313","Not Available","10","Wind Energy Consumption","Trillion Btu"
"WYTCBUS","197413","Not Available","10","Wind Energy Consumption","Trillion Btu"
"WYTCBUS","197513","Not Available","10","Wind Energy Consumption","Trillion Btu"
"WYTCBUS","197613","Not Available","10","Wind Energy Consumption","Trillion Btu"
"WYTCBUS","197713","Not Available","10","Wind Energy Consumption","Trillion Btu"
"WYTCBUS","197813","Not Available","10","Wind Energy Consumption","Trillion Btu"
"WYTCBUS","197913","Not Available","10","Wind Energy Consumption","Trillion Btu"
"WYTCBUS","198013","Not Available","10","Wind Energy Consumption","Trillion Btu"
"WYTCBUS","198113","Not Available","10","Wind Energy Consumption","Trillion Btu"
"WYTCBUS","198213","Not Available","10","Wind Energy Consumption","Trillion Btu"
"WYTCBUS","198313","0.028","10","Wind Energy Consumption","Trillion Btu"
"WYTCBUS","198413","0.068","10","Wind Energy Consumption","Trillion Btu"
"WYTCBUS","198513","0.06","10","Wind Energy Consumption","Trillion Btu"
"WYTCBUS","198613","0.044","10","Wind Energy Consumption","Trillion Btu"
"WYTCBUS","198713","0.037","10","Wind Energy Consumption","Trillion Btu"
"WYTCBUS","198813","0.009","10","Wind Energy Consumption","Trillion Btu"
"WYTCBUS","198913","22.033","10","Wind Energy Consumption","Trillion Btu"
"WYTCBUS","199013","29.007","10","Wind Energy Consumption","Trillion Btu"
"WYTCBUS","199113","30.796","10","Wind Energy Consumption","Trillion Btu"
"WYTCBUS","199213","29.863","10","Wind Energy Consumption","Trillion Btu"
"WYTCBUS","199313","30.987","10","Wind Energy Consumption","Trillion Btu"
"WYTCBUS","199413","35.56","10","Wind Energy Consumption","Trillion Btu"
"WYTCBUS","199513","32.63","10","Wind Energy Consumption","Trillion Btu"
"WYTCBUS","199613","33.44","10","Wind Energy Consumption","Trillion Btu"
"WYTCBUS","199713","33.581","10","Wind Energy Consumption","Trillion Btu"
"WYTCBUS","199813","30.853","10","Wind Energy Consumption","Trillion Btu"
"WYTCBUS","199913","45.894","10","Wind Energy Consumption","Trillion Btu"
"WYTCBUS","200013","57.057","10","Wind Energy Consumption","Trillion Btu"
"WYTCBUS","200113","69.617","10","Wind Energy Consumption","Trillion Btu"
"WYTCBUS","200213","105.334","10","Wind Energy Consumption","Trillion Btu"
"WYTCBUS","200313","113.273","10","Wind Energy Consumption","Trillion Btu"
"WYTCBUS","200413","141.664","10","Wind Energy Consumption","Trillion Btu"
"WYTCBUS","200513","178.088","10","Wind Energy Consumption","Trillion Btu"
"WYTCBUS","200613","263.738","10","Wind Energy Consumption","Trillion Btu"
"WYTCBUS","200713","340.503","10","Wind Energy Consumption","Trillion Btu"
"WYTCBUS","200813","545.548","10","Wind Energy Consumption","Trillion Btu"
"WYTCBUS","200913","721.129","10","Wind Energy Consumption","Trillion Btu"
"WYTCBUS","201013","923.427","10","Wind Energy Consumption","Trillion Btu"
"WYTCBUS","201113","1167.636","10","Wind Energy Consumption","Trillion Btu"
"WYTCBUS","201213","1340.059","10","Wind Energy Consumption","Trillion Btu"
"WYTCBUS","201313","1601.359","10","Wind Energy Consumption","Trillion Btu"
"WYTCBUS","201413","1727.542","10","Wind Energy Consumption","Trillion Btu"
"WYTCBUS","201513","1777.306","10","Wind Energy Consumption","Trillion Btu"
"WYTCBUS","201613","2095.595","10","Wind Energy Consumption","Trillion Btu"
"WYTCBUS","201713","2342.891","10","Wind Energy Consumption","Trillion Btu"
"WYTCBUS","201813","2482.364","10","Wind Energy Consumption","Trillion Btu"
"WYTCBUS","201913","2731.847","10","Wind Energy Consumption","Trillion Btu"
