What is your gender?,Have you *ever played* the PowerBall lottery?,How many times a *month* do you play the PowerBall?,How do you pick your numbers?,Approximately how much money do you think you spend per *month* playing the Powerball?,What is your *approximate* annual income?,How many people in your household (*including yourself*)?,Have you *ever* won *any* money from playing the Powerball?,What was the *largest* prize you have won while playing the PowerBall?,What was your approximate age when you won?,In what state did you purchase a* winning* Powerball ticket?,Have you purchased a *winning* Powerball ticket in *any other state*?,What *other state* did you purchase a* winning* Powerball ticket in?,Have you purchased a *winning* Powerball ticket in *any other state*?,What *other state* did you purchase a* winning* Powerball ticket in?,Have you purchased a *winning* Powerball ticket in *any other state*?,What type of vendor(s) have you purchased your *winning* Powerball tickets from?,In what state did you purchase a *non-winning* Powerball ticket from?,Have you purchased a *non-winning* Powerball ticket in *any other state*?,What *other state* did you purchase a* non-winning* Powerball ticket in?,Have you purchased a *non-winning* Powerball ticket in *any other state*?,What *other state* did you purchase a* non-winning* Powerball ticket in?,Have you purchased a *non-winning* Powerball ticket in *any other state*?,What *other state* did you purchase a* non-winning* Powerball ticket in?,Have you purchased a *non-winning* Powerball ticket in *any other state*?,What *other state* did you purchase a* non-winning* Powerball ticket in?,Have you purchased a *non-winning* Powerball ticket in *any other state*?,What *other state* did you purchase a* non-winning* Powerball ticket in?,What type of vendor(s) have you purchased *non-winning* Powerball tickets from?,What is your current age?,Submitted At
Male,"Yes, occasionally",Less than 2 times a month,Quick Pick (let the machine pick my numbers),Less than $10,"$50,000 - $78,950",2,TRUE,Less than $24.99,,Kansas,FALSE,,,,,Gas Station,Missouri,TRUE,Missouri,TRUE,Missouri,TRUE,Missouri,TRUE,Missouri,FALSE,,Gas Station,,6/3/2020 4:47
Female,Never,,,,,,,,,,,,,,,,,,,,,,,,,,,,,6/3/2020 4:47
Male,"Yes, all the time",Every Drawing,Quick Pick (let the machine pick my numbers),$100 - $499,"$150,000 +",2,TRUE,$25 - $999,,Florida,FALSE,,,,,"Convenience Store, Grocery Store",Georgia,TRUE,Georgia,TRUE,Georgia,FALSE,,,,,,"Gas Station, Convenience Store, Grocery Store",,6/3/2020 4:31
Male,"Yes, occasionally",Almost never,Quick Pick (let the machine pick my numbers),Less than $10,"$19,401 - $49,999",4,FALSE,,,,,,,,,,Maryland,TRUE,Virginia,FALSE,,,,,,,,"Gas Station, Convenience Store, Grocery Store",,6/3/2020 4:30
Female,Never,,,,,,,,,,,,,,,,,,,,,,,,,,,,,6/3/2020 4:16
Male,Never,,,,,,,,,,,,,,,,,,,,,,,,,,,,,6/3/2020 3:57
Prefer not to answer,Never,,,,,,,,,,,,,,,,,,,,,,,,,,,,,6/3/2020 3:55
Female,Never,,,,,,,,,,,,,,,,,,,,,,,,,,,,,6/3/2020 3:55
Male,Never,,,,,,,,,,,,,,,,,,,,,,,,,,,,,6/3/2020 3:52
Female,Never,,,,,,,,,,,,,,,,,,,,,,,,,,,,,6/3/2020 3:37
Male,"Yes, occasionally",Almost never,B + C (I would get two tickets),Less than $10,"$78,951 - 149,999",4,TRUE,Less than $24.99,,"Washington, D.C.",FALSE,,,,,Liquor Store,"Washington, D.C.",FALSE,,,,,,,,,,Convenience Store,,6/3/2020 3:17
Male,"I have in the past, but not anymore",Almost never,Quick Pick (let the machine pick my numbers),$10- $49,"$50,000 - $78,950",3,FALSE,,,,,,,,,,Florida,FALSE,,,,,,,,,,Grocery Store,,6/3/2020 2:19
Female,Never,,,,,,,,,,,,,,,,,,,,,,,,,,,,,6/3/2020 1:50
Male,"I have in the past, but not anymore",Almost never,"Choose my own - different numbers each time, Quick Pick (let the machine pick my numbers)",1,"$50,000 - $78,950",2,FALSE,,,,,,,,,,Virginia,FALSE,,,,,,,,,,Gas Station,,6/3/2020 1:19
Female,Never,,,,,,,,,,,,,,,,,,,,,,,,,,,,,6/3/2020 1:18
Male,"I have in the past, but not anymore",Almost never,Quick Pick (let the machine pick my numbers),Less than $10,"$19,401 - $49,999",3,FALSE,,,,,,,,,,Florida,FALSE,,,,,,,,,,"Grocery Store, Convenience Store",,6/3/2020 1:15
Male,"I have in the past, but not anymore",Almost never,Quick Pick (let the machine pick my numbers),Less than $10,"$19,401 - $49,999",1,FALSE,,,,,,,,,,Kentucky,FALSE,,,,,,,,,,Gas Station,,6/3/2020 1:07
Female,Never,,,,,,,,,,,,,,,,,,,,,,,,,,,,,6/3/2020 0:59
Male,"I have in the past, but not anymore",Almost never,Choose my own - different numbers each time,Less than $10,"$19,401 - $49,999",5,FALSE,,,,,,,,,,Florida,FALSE,,,,,,,,,,Gas Station,,6/3/2020 0:54
Male,Never,,,,,,,,,,,,,,,,,,,,,,,,,,,,,6/3/2020 0:51
Male,"Yes, all the time",Once a week,Quick Pick (let the machine pick my numbers),Less than $10,"$50,000 - $78,950",6,FALSE,,,,,,,,,,Tennessee,TRUE,Texas,FALSE,,,,,,,,"Gas Station, Convenience Store, Grocery Store",,6/3/2020 0:43
Male,"Yes, occasionally",Almost never,Quick Pick (let the machine pick my numbers),Less than $10,"$19,401 - $49,999",2,FALSE,,,,,,,,,,Tennessee,FALSE,,,,,,,,,,Gas Station,,6/3/2020 0:22
Male,Never,,,,,,,,,,,,,,,,,,,,,,,,,,,,,6/3/2020 0:19
Female,Never,,,,,,,,,,,,,,,,,,,,,,,,,,,,,6/3/2020 0:00
Male,"I have in the past, but not anymore",Almost never,Choose my own - different numbers each time,Less than $10,"Less than $19,400",1,FALSE,,,,,,,,,,Colorado,FALSE,,,,,,,,,,Convenience Store,,6/2/2020 23:55
Female,"Yes, occasionally",Less than 2 times a month,Choose my own - same numbers each time,$10- $49,"Less than $19,400",2,TRUE,$25 - $999,,Florida,FALSE,,,,,Grocery Store,South Dakota,TRUE,Texas,FALSE,,,,,,,,Grocery Store,,6/2/2020 23:35
Male,"Yes, occasionally",Less than 2 times a month,Quick Pick (let the machine pick my numbers),Less than $10,"$19,401 - $49,999",3,FALSE,,,,,,,,,,Florida,FALSE,,,,,,,,,,Convenience Store,,6/2/2020 23:26
Female,Never,,,,,,,,,,,,,,,,,,,,,,,,,,,,,6/2/2020 23:13
Male,Never,,,,,,,,,,,,,,,,,,,,,,,,,,,,,6/2/2020 23:09
Male,"I have in the past, but not anymore",Almost never,Quick Pick (let the machine pick my numbers),Less than $10,"Less than $19,400",5,FALSE,,,,,,,,,,Pennsylvania,FALSE,,,,,,,,,,"Grocery Store, Convenience Store",,6/2/2020 23:00
Female,Never,,,,,,,,,,,,,,,,,,,,,,,,,,,,,6/2/2020 22:46
Male,"Yes, occasionally",Almost never,Quick Pick (let the machine pick my numbers),Less than $10,"$78,951 - 149,999",4,FALSE,,,,,,,,,,Illinois,FALSE,,,,,,,,,,Convenience Store,,6/2/2020 22:46
Male,Never,,,,,,,,,,,,,,,,,,,,,,,,,,,,,6/2/2020 22:45
Female,"I have in the past, but not anymore",Almost never,Choose my own - different numbers each time,Less than $10,"Less than $19,400",2,FALSE,,,,,,,,,,Florida,TRUE,Georgia,FALSE,,,,,,,,Convenience Store,,6/2/2020 22:36
Female,Never,,,,,,,,,,,,,,,,,,,,,,,,,,,,,6/2/2020 22:33
Female,"Yes, occasionally",Less than 2 times a month,Quick Pick (let the machine pick my numbers),Less than $10,"$78,951 - 149,999",4,FALSE,,,,,,,,,,Florida,FALSE,,,,,,,,,,"Grocery Store, Gas Station",,6/2/2020 22:24
Female,"Yes, occasionally",Less than 2 times a month,Quick Pick (let the machine pick my numbers),Less than $10,"$50,000 - $78,950",2,FALSE,,,,,,,,,,Georgia,TRUE,California,TRUE,Arizona,TRUE,Arizona,TRUE,Arizona,FALSE,,Gas Station,,6/2/2020 21:59
Female,"I have in the past, but not anymore",Almost never,Quick Pick (let the machine pick my numbers),Less than $10,"Less than $19,400",5,FALSE,,,,,,,,,,Minnesota,FALSE,,,,,,,,,,Gas Station,,6/2/2020 21:55
Female,Never,,,,,,,,,,,,,,,,,,,,,,,,,,,,,6/2/2020 21:55
Female,"Yes, occasionally",Less than 2 times a month,"Choose my own - different numbers each time, Quick Pick (let the machine pick my numbers)",Less than $10,"Less than $19,400",2,TRUE,Less than $24.99,,Missouri,FALSE,,,,,"Convenience Store, Gas Station",Missouri,TRUE,Kansas,FALSE,,,,,,,,"Gas Station, Convenience Store",,6/2/2020 21:49
Prefer not to answer,Never,,,,,,,,,,,,,,,,,,,,,,,,,,,,,6/2/2020 21:46
Female,"I have in the past, but not anymore",Almost never,Quick Pick (let the machine pick my numbers),Less than $10,"$19,401 - $49,999",5,FALSE,,,,,,,,,,Florida,FALSE,,,,,,,,,,"Convenience Store, Grocery Store",,6/2/2020 21:45
Male,"I have in the past, but not anymore",Almost never,Choose my own - different numbers each time,Less than $10,"Less than $19,400",2,FALSE,,,,,,,,,,Louisiana,FALSE,,,,,,,,,,Gas Station,,6/2/2020 21:42
Female,Never,,,,,,,,,,,,,,,,,,,,,,,,,,,,,6/2/2020 21:41
Male,"Yes, occasionally",Less than 2 times a month,"Quick Pick (let the machine pick my numbers), Choose my own - same numbers each time",Less than $10,"$19,401 - $49,999",6,TRUE,Less than $24.99,,Nebraska,FALSE,,,,,"Gas Station, Convenience Store, Grocery Store, Drug Store",Iowa,FALSE,,,,,,,,,,"Gas Station, Grocery Store",,6/2/2020 21:39
Male,Never,,,,,,,,,,,,,,,,,,,,,,,,,,,,,6/2/2020 21:38
Female,Never,,,,,,,,,,,,,,,,,,,,,,,,,,,,,6/2/2020 21:30
Female,"Yes, occasionally",Less than 2 times a month,Quick Pick (let the machine pick my numbers),Less than $10,"$19,401 - $49,999",3,FALSE,,,,,,,,,,Florida,FALSE,,,,,,,,,,Convenience Store,,6/2/2020 21:23
Female,"Yes, occasionally",Once every other week,"Quick Pick (let the machine pick my numbers), Choose my own - different numbers each time",$10- $49,"$78,951 - 149,999",2,TRUE,$25 - $999,,Florida,FALSE,,,,,"Gas Station, Grocery Store",Florida,FALSE,,,,,,,,,,"Gas Station, Grocery Store",,6/2/2020 21:18
Female,Never,,,,,,,,,,,,,,,,,,,,,,,,,,,,,6/2/2020 21:10
Male,Never,,,,,,,,,,,,,,,,,,,,,,,,,,,,,6/2/2020 21:07
Male,"Yes, occasionally",Almost never,Quick Pick (let the machine pick my numbers),Less than $10,"$19,401 - $49,999",2,TRUE,Less than $24.99,,Ohio,TRUE,New York,FALSE,,,"Gas Station, Convenience Store",Ohio,TRUE,New York,FALSE,,,,,,,,"Gas Station, Convenience Store, Grocery Store",,6/2/2020 21:06
Female,Never,,,,,,,,,,,,,,,,,,,,,,,,,,,,,6/2/2020 20:40
Male,Never,,,,,,,,,,,,,,,,,,,,,,,,,,,,,6/2/2020 20:39
Male,Never,,,,,,,,,,,,,,,,,,,,,,,,,,,,,6/2/2020 20:38
Male,Never,,,,,,,,,,,,,,,,,,,,,,,,,,,,,6/2/2020 20:37
non-binary,Never,,,,,,,,,,,,,,,,,,,,,,,,,,,,,6/2/2020 20:37
Male,Never,,,,,,,,,,,,,,,,,,,,,,,,,,,,,6/2/2020 20:36
Female,"Yes, occasionally",Almost never,Choose my own - different numbers each time,Less than $10,"$19,401 - $49,999",2,TRUE,Less than $24.99,,Florida,FALSE,,,,,Grocery Store,Florida,FALSE,,,,,,,,,,Grocery Store,,6/2/2020 20:35
Male,"I have in the past, but not anymore",Less than 2 times a month,Quick Pick (let the machine pick my numbers),Less than $10,"$150,000 +",4,FALSE,,,,,,,,,,Louisiana,FALSE,,,,,,,,,,Gas Station,,6/2/2020 20:27
Male,"Yes, occasionally",Almost never,Quick Pick (let the machine pick my numbers),Less than $10,"Less than $19,400",2,FALSE,,,,,,,,,,Oregon,FALSE,,,,,,,,,,"Gas Station, Convenience Store",,6/2/2020 20:24
Male,Once,Almost never,Quick Pick (let the machine pick my numbers),Less than $10,"Less than $19,400",5,FALSE,,,,,,,,,,Iowa,FALSE,,,,,,,,,,Drug Store,,6/2/2020 20:22
Female,Never,,,,,,,,,,,,,,,,,,,,,,,,,,,,,6/2/2020 20:16
Male,Never,,,,,,,,,,,,,,,,,,,,,,,,,,,,,6/2/2020 20:16
Male,"I have in the past, but not anymore",Almost never,Quick Pick (let the machine pick my numbers),Less than $10,"$19,401 - $49,999",2,FALSE,,,,,,,,,,Virginia,FALSE,,,,,,,,,,Convenience Store,,6/2/2020 20:14
Female,"I have in the past, but not anymore",Almost never,Quick Pick (let the machine pick my numbers),Less than $10,"$19,401 - $49,999",2,FALSE,,,,,,,,,,Florida,TRUE,Florida,FALSE,,,,,,,,Gas Station,,6/2/2020 20:13
Male,Never,,,,,,,,,,,,,,,,,,,,,,,,,,,,,6/2/2020 20:13
Female,Never,,,,,,,,,,,,,,,,,,,,,,,,,,,,,6/2/2020 20:12
Female,"Yes, occasionally",Less than 2 times a month,Choose my own - same numbers each time,$10- $49,"$19,401 - $49,999",1,TRUE,$25 - $999,,Tennessee,FALSE,,,,,"Gas Station, Grocery Store",Tennessee,FALSE,,,,,,,,,,"Gas Station, Grocery Store",,6/2/2020 20:02
Female,"Yes, occasionally",Less than 2 times a month,Quick Pick (let the machine pick my numbers),Less than $10,"$78,951 - 149,999",4,FALSE,,,,,,,,,,Georgia,TRUE,Louisiana,FALSE,,,,,,,,"Gas Station, Convenience Store",,6/2/2020 19:54
Male,Never,,,,,,,,,,,,,,,,,,,,,,,,,,,,,6/2/2020 19:53
Male,"Yes, occasionally",Less than 2 times a month,"Choose my own - different numbers each time, Quick Pick (let the machine pick my numbers)",Less than $10,"$19,401 - $49,999",4,FALSE,,,,,,,,,,North Carolina,FALSE,,,,,,,,,,"Gas Station, Convenience Store, Grocery Store",,6/2/2020 19:53
Female,Never,,,,,,,,,,,,,,,,,,,,,,,,,,,,,6/2/2020 19:52
Male,Never,,,,,,,,,,,,,,,,,,,,,,,,,,,,,6/2/2020 19:51
Female,Never,,,,,,,,,,,,,,,,,,,,,,,,,,,,,6/2/2020 19:51
Male,"Yes, occasionally",Almost never,Quick Pick (let the machine pick my numbers),1,"$19,401 - $49,999",1,TRUE,Less than $24.99,,Missouri,FALSE,,,,,Gas Station,Kansas,FALSE,,,,,,,,,,Gas Station,,6/2/2020 19:51
Female,"I have in the past, but not anymore",Almost never,Quick Pick (let the machine pick my numbers),Less then 10 a year,"$19,401 - $49,999",4,FALSE,,,,,,,,,,Arizona,TRUE,Florida,FALSE,,,,,,,,"Gas Station, Convenience Store, Grocery Store, Drug Store",,6/2/2020 19:42
Female,"Yes, occasionally",Less than 2 times a month,Quick Pick (let the machine pick my numbers),Less than $10,"$50,000 - $78,950",4,TRUE,Less than $24.99,,Florida,TRUE,Georgia,FALSE,,,"Convenience Store, Gas Station, Grocery Store",Florida,TRUE,Georgia,FALSE,,,,,,,,"Gas Station, Convenience Store, Grocery Store",,6/2/2020 19:42
Female,"Yes, occasionally",Less than 2 times a month,Choose my own - different numbers each time,Less than $10,"$19,401 - $49,999",5,FALSE,,,,,,,,,,Ohio,TRUE,West Virginia,FALSE,,,,,,,,"Gas Station, Convenience Store",,6/2/2020 19:26
Female,"Yes, occasionally",Less than 2 times a month,Quick Pick (let the machine pick my numbers),Less than $10,"Less than $19,400",2,TRUE,Less than $24.99,,Florida,TRUE,Indiana,TRUE,Georgia,FALSE,Convenience Store,Florida,TRUE,Georgia,TRUE,Indiana,TRUE,Kentucky,TRUE,Tennessee,FALSE,,Convenience Store,,6/2/2020 19:25
Male,Never,,,,,,,,,,,,,,,,,,,,,,,,,,,,,6/3/2020 4:47
Male,"I have in the past, but not anymore",Almost never,Quick Pick (let the machine pick my numbers),Less than $10,"$19,401 - $49,999",1,TRUE,"$1,000 - $99,999",,New Jersey,FALSE,,,,,"Grocery Store, Gas Station",New Jersey,TRUE,Pennsylvania,TRUE,Maryland,TRUE,New York,TRUE,California,TRUE,Washington State,Convenience Store,,6/3/2020 4:54
Male,Never,,,,,,,,,,,,,,,,,,,,,,,,,,,,,6/3/2020 5:04
Male,"I have in the past, but not anymore",Almost never,Quick Pick (let the machine pick my numbers),Less than $10,"$19,401 - $49,999",1,FALSE,,,,,,,,,,New Mexico,FALSE,,,,,,,,,,Gas Station,,6/3/2020 5:04
Female,"Yes, occasionally",Almost never,Choose my own - different numbers each time,Less than $10,"$19,401 - $49,999",7,FALSE,,,,,,,,,,West Virginia,FALSE,,,,,,,,,,"Gas Station, Convenience Store",,6/3/2020 5:06
Prefer not to answer,Never,,,,,,,,,,,,,,,,,,,,,,,,,,,,,6/3/2020 5:10
Male,Never,,,,,,,,,,,,,,,,,,,,,,,,,,,,,6/3/2020 5:10
Male,"Yes, occasionally",Less than 2 times a month,Quick Pick (let the machine pick my numbers),Less than $10,"$78,951 - 149,999",3,FALSE,,,,,,,,,,California,FALSE,,,,,,,,,,Convenience Store,,6/3/2020 5:11
Male,Never,,,,,,,,,,,,,,,,,,,,,,,,,,,,,6/3/2020 5:19
Female,"Yes, occasionally",Less than 2 times a month,Quick Pick (let the machine pick my numbers),Less than $10,"$50,000 - $78,950",2,TRUE,Less than $24.99,,Washington State,FALSE,,,,,Grocery Store,Washington State,FALSE,,,,,,,,,,Grocery Store,,6/3/2020 5:20
Male,"Yes, occasionally",Almost never,Quick Pick (let the machine pick my numbers),Less than $10,"Less than $19,400",3,FALSE,,,,,,,,,,Texas,FALSE,,,,,,,,,,Gas Station,,6/3/2020 5:27
Female,Never,,,,,,,,,,,,,,,,,,,,,,,,,,,,,6/3/2020 5:31
Male,Never,,,,,,,,,,,,,,,,,,,,,,,,,,,,,6/3/2020 5:31
Female,"Yes, occasionally",Almost never,Quick Pick (let the machine pick my numbers),Less than $10,"$50,000 - $78,950",3,FALSE,,,,,,,,,,Georgia,TRUE,California,FALSE,,,,,,,,"Gas Station, Convenience Store, Grocery Store",,6/3/2020 5:32
Male,A few times when I'm hanging out with someone who buys a ticket. ,Almost never,Quick Pick (let the machine pick my numbers),Less than $10,"$150,000 +",2,FALSE,,,,,,,,,,Kentucky,FALSE,,,,,,,,,,Gas Station,,6/3/2020 5:32
Male,Never,,,,,,,,,,,,,,,,,,,,,,,,,,,,,6/3/2020 5:33
Female,"Yes, all the time",Every Drawing,Choose my own - different numbers each time,$10- $49,"$50,000 - $78,950",3,TRUE,$25 - $999,,Washington State,TRUE,Oregon,FALSE,,,"Convenience Store, Grocery Store, Gas Station",Oregon,FALSE,,,,,,,,,,Gas Station,,6/3/2020 5:33
Female,Never,,,,,,,,,,,,,,,,,,,,,,,,,,,,,6/3/2020 5:33
Male,"Yes, occasionally",Less than 2 times a month,Quick Pick (let the machine pick my numbers),Less than $10,"$78,951 - 149,999",1,TRUE,Less than $24.99,,Arizona,TRUE,California,FALSE,,,"Gas Station, Convenience Store, Grocery Store",Iowa,FALSE,,,,,,,,,,"Gas Station, Convenience Store, Grocery Store",,6/3/2020 5:38
Male,Never,,,,,,,,,,,,,,,,,,,,,,,,,,,,,6/3/2020 5:41
Male,Never,,,,,,,,,,,,,,,,,,,,,,,,,,,,,6/3/2020 5:44
Male,"Yes, all the time",Once a week,Quick Pick (let the machine pick my numbers),$10- $49,"$78,951 - 149,999",2,TRUE,$25 - $999,,Virginia,TRUE,New Jersey,FALSE,,,"Convenience Store, Gas Station, Grocery Store",New Jersey,TRUE,Virginia,TRUE,Colorado,TRUE,Connecticut,TRUE,Delaware,TRUE,Maryland,"Gas Station, Convenience Store, Grocery Store",,6/3/2020 5:46
Female,"I have in the past, but not anymore",Almost never,"Choose my own - same numbers each time, Choose my own - different numbers each time",Less than $10,"Less than $19,400",2,TRUE,Less than $24.99,,Illinois,FALSE,,,,,Convenience Store,Illinois,FALSE,,,,,,,,,,Convenience Store,,6/3/2020 6:01
Female,Never,,,,,,,,,,,,,,,,,,,,,,,,,,,,,6/3/2020 6:02
Male,"Yes, occasionally",Less than 2 times a month,Choose my own - different numbers each time,$10- $49,"Less than $19,400",6,FALSE,,,,,,,,,,Texas,FALSE,,,,,,,,,,Grocery Store,,6/3/2020 6:03
Male,"Yes, occasionally",Less than 2 times a month,"Choose my own - different numbers each time, Quick Pick (let the machine pick my numbers)",$10- $49,"Less than $19,400",4,FALSE,,,,,,,,,,Virginia,TRUE,Virginia,FALSE,,,,,,,,"Gas Station, Convenience Store",,6/3/2020 6:06
Female,Never,,,,,,,,,,,,,,,,,,,,,,,,,,,,,6/3/2020 6:06
Male,Never,,,,,,,,,,,,,,,,,,,,,,,,,,,,,6/3/2020 6:12
Female,"Yes, occasionally",Almost never,"Choose my own - different numbers each time, Choose my own - same numbers each time, Quick Pick (let the machine pick my numbers)",Less than $10,"$19,401 - $49,999",2,FALSE,,,,,,,,,,North Carolina,FALSE,,,,,,,,,,"Gas Station, Convenience Store, Grocery Store",,6/3/2020 6:13
Female,"I have in the past, but not anymore",Almost never,Choose my own - same numbers each time,Less than $10,"$19,401 - $49,999",4,FALSE,,,,,,,,,,Florida,TRUE,Connecticut,FALSE,,,,,,,,"Gas Station, Grocery Store",,6/3/2020 6:15
Female,"Yes, occasionally",Almost never,Quick Pick (let the machine pick my numbers),Less than $10,"$50,000 - $78,950",2,FALSE,,,,,,,,,,California,FALSE,,,,,,,,,,"Convenience Store, Grocery Store",,6/3/2020 6:16
Male,Never,,,,,,,,,,,,,,,,,,,,,,,,,,,,,6/3/2020 6:17
Female,"I have in the past, but not anymore",Almost never,Choose my own - different numbers each time,Less than $10,"$19,401 - $49,999",2,FALSE,,,,,,,,,,Georgia,FALSE,,,,,,,,,,Convenience Store,,6/3/2020 6:18
Male,"Yes, occasionally",Almost never,"Quick Pick (let the machine pick my numbers), Choose my own - different numbers each time",Less than $10,"$50,000 - $78,950",1,TRUE,Less than $24.99,,Minnesota,FALSE,,,,,"Gas Station, Grocery Store, Convenience Store",Minnesota,FALSE,,,,,,,,,,"Gas Station, Convenience Store, Grocery Store",,6/3/2020 6:18
Female,Never,,,,,,,,,,,,,,,,,,,,,,,,,,,,,6/3/2020 6:19
Male,"I have in the past, but not anymore",Less than 2 times a month,Choose my own - different numbers each time,Less than $10,"$78,951 - 149,999",5,TRUE,"$100,000 - $999,999",,Virginia,FALSE,,,,,"Convenience Store, Gas Station",Virginia,FALSE,,,,,,,,,,"Gas Station, Convenience Store",,6/3/2020 6:20
Female,Never,,,,,,,,,,,,,,,,,,,,,,,,,,,,,6/3/2020 6:20
Female,"Yes, occasionally",Less than 2 times a month,Quick Pick (let the machine pick my numbers),Less than $10,"$19,401 - $49,999",3,TRUE,$25 - $999,,Oregon,FALSE,,,,,"Gas Station, Convenience Store",Oregon,TRUE,Montana,FALSE,,,,,,,,"Gas Station, Convenience Store",,6/3/2020 6:23
Male,Never,,,,,,,,,,,,,,,,,,,,,,,,,,,,,6/3/2020 6:24
Male,Never,,,,,,,,,,,,,,,,,,,,,,,,,,,,,6/3/2020 6:24
Male,"Yes, occasionally",Almost never,Choose my own - different numbers each time,Less than $10,"$150,000 +",4,FALSE,,,,,,,,,,Connecticut,TRUE,Massachusetts,FALSE,,,,,,,,"Gas Station, Convenience Store",,6/3/2020 6:28
Male,"Yes, occasionally",Almost never,"Quick Pick (let the machine pick my numbers), Choose my own - same numbers each time",Less than $10,"$50,000 - $78,950",6,FALSE,,,,,,,,,,Oregon,FALSE,,,,,,,,,,"Convenience Store, Grocery Store",,6/3/2020 6:28
Female,"Yes, occasionally",Almost never,Choose my own - different numbers each time,Less than $10,"Less than $19,400",4,FALSE,,,,,,,,,,Ohio,TRUE,Indiana,FALSE,,,,,,,,Gas Station,,6/3/2020 6:29
Male,"Yes, occasionally",Less than 2 times a month,Quick Pick (let the machine pick my numbers),$10- $49,"$50,000 - $78,950",5,FALSE,,,,,,,,,,Georgia,FALSE,,,,,,,,,,Drug Store,,6/3/2020 6:29
Male,Never,,,,,,,,,,,,,,,,,,,,,,,,,,,,,6/3/2020 6:31
Male,Never,,,,,,,,,,,,,,,,,,,,,,,,,,,,,6/3/2020 6:37
Male,"Yes, occasionally",Less than 2 times a month,Quick Pick (let the machine pick my numbers),Less than $10,"$50,000 - $78,950",2,FALSE,,,,,,,,,,Indiana,TRUE,Colorado,FALSE,,,,,,,,Gas Station,,6/3/2020 6:40
Male,"Yes, occasionally",Once every other week,Quick Pick (let the machine pick my numbers),$10- $49,"$19,401 - $49,999",3,TRUE,Less than $24.99,,Texas,FALSE,,,,,Gas Station,Texas,FALSE,,,,,,,,,,"Gas Station, Convenience Store, Grocery Store",,6/3/2020 6:42
Male,"Yes, occasionally",Less than 2 times a month,"Choose my own - same numbers each time, Quick Pick (let the machine pick my numbers)",Less than $10,"$150,000 +",2,TRUE,$25 - $999,,California,FALSE,,,,,"Gas Station, Convenience Store, Grocery Store, Drug Store",Washington State,FALSE,,,,,,,,,,"Gas Station, Convenience Store, Grocery Store, Drug Store",,6/3/2020 6:42
Female,Never,,,,,,,,,,,,,,,,,,,,,,,,,,,,,6/3/2020 6:43
Female,"Yes, occasionally",Almost never,"Quick Pick (let the machine pick my numbers), Choose my own - different numbers each time",Less than $10,"$19,401 - $49,999",2,FALSE,,,,,,,,,,Minnesota,FALSE,,,,,,,,,,"Gas Station, Convenience Store",,6/3/2020 6:52
Male,Never,,,,,,,,,,,,,,,,,,,,,,,,,,,,,6/3/2020 6:57
Male,"Yes, occasionally",Almost never,Quick Pick (let the machine pick my numbers),Less than $10,"$78,951 - 149,999",1,TRUE,Less than $24.99,,Oregon,TRUE,Colorado,FALSE,,,"Gas Station, Convenience Store, Grocery Store",Colorado,TRUE,Oregon,FALSE,,,,,,,,"Gas Station, Convenience Store, Grocery Store",,6/3/2020 6:57
Female,Never,,,,,,,,,,,,,,,,,,,,,,,,,,,,,6/3/2020 6:58
Male,"Yes, occasionally",Almost never,Quick Pick (let the machine pick my numbers),Less than $10,"$78,951 - 149,999",2,FALSE,,,,,,,,,,Maryland,TRUE,Colorado,FALSE,,,,,,,,"Gas Station, Convenience Store",,6/3/2020 6:59
Male,"Yes, occasionally",Almost never,Quick Pick (let the machine pick my numbers),Less than $10,"$50,000 - $78,950",1,FALSE,,,,,,,,,,Texas,FALSE,,,,,,,,,,"Convenience Store, Gas Station, Grocery Store",,6/3/2020 7:01
Male,Never,,,,,,,,,,,,,,,,,,,,,,,,,,,,,6/3/2020 7:02
Male,Never,,,,,,,,,,,,,,,,,,,,,,,,,,,,,6/3/2020 7:04
Female,Never,,,,,,,,,,,,,,,,,,,,,,,,,,,,,6/3/2020 7:07
Male,Never,,,,,,,,,,,,,,,,,,,,,,,,,,,,,6/3/2020 7:09
Male,Never,,,,,,,,,,,,,,,,,,,,,,,,,,,,,6/3/2020 7:16
Male,Never,,,,,,,,,,,,,,,,,,,,,,,,,,,,,6/3/2020 7:18
Female,Never,,,,,,,,,,,,,,,,,,,,,,,,,,,,,6/3/2020 7:19
Male,"Yes, occasionally",Almost never,"Quick Pick (let the machine pick my numbers), Choose my own - same numbers each time",Less than $10,"$19,401 - $49,999",2,FALSE,,,,,,,,,,California,TRUE,Oregon,TRUE,Wyoming,FALSE,,,,,,"Gas Station, Grocery Store, Convenience Store",,6/3/2020 7:22
Male,Never,,,,,,,,,,,,,,,,,,,,,,,,,,,,,6/3/2020 7:26
Female,Never,,,,,,,,,,,,,,,,,,,,,,,,,,,,,6/3/2020 7:30
Male,Never,,,,,,,,,,,,,,,,,,,,,,,,,,,,,6/3/2020 7:30
Male,Never,,,,,,,,,,,,,,,,,,,,,,,,,,,,,6/3/2020 7:30
Male,Never,,,,,,,,,,,,,,,,,,,,,,,,,,,,,6/3/2020 7:31
Male,Never,,,,,,,,,,,,,,,,,,,,,,,,,,,,,6/3/2020 7:31
Male,Never,,,,,,,,,,,,,,,,,,,,,,,,,,,,,6/3/2020 7:35
Female,Never,,,,,,,,,,,,,,,,,,,,,,,,,,,,,6/3/2020 7:41
Female,Never,,,,,,,,,,,,,,,,,,,,,,,,,,,,,6/3/2020 7:42
Male,Never,,,,,,,,,,,,,,,,,,,,,,,,,,,,,6/3/2020 7:43
Male,"Yes, occasionally",Almost never,Quick Pick (let the machine pick my numbers),Only played once $5,"$50,000 - $78,950",4,FALSE,,,,,,,,,,New York,FALSE,,,,,,,,,,Gas Station,,6/3/2020 7:47
Female,Never,,,,,,,,,,,,,,,,,,,,,,,,,,,,,6/3/2020 7:49
Female,Never,,,,,,,,,,,,,,,,,,,,,,,,,,,,,6/3/2020 7:52
Female,Never,,,,,,,,,,,,,,,,,,,,,,,,,,,,,6/3/2020 7:53
Male,Never,,,,,,,,,,,,,,,,,,,,,,,,,,,,,6/3/2020 8:01
Female,Never,,,,,,,,,,,,,,,,,,,,,,,,,,,,,6/3/2020 8:02
Female,Never,,,,,,,,,,,,,,,,,,,,,,,,,,,,,6/3/2020 8:06
Male,Never,,,,,,,,,,,,,,,,,,,,,,,,,,,,,6/3/2020 8:13
Female,Never,,,,,,,,,,,,,,,,,,,,,,,,,,,,,6/3/2020 8:23
Female,"Yes, occasionally",Less than 2 times a month,Quick Pick (let the machine pick my numbers),$10- $49,"Less than $19,400",3,FALSE,,,,,,,,,,California,TRUE,Kansas,FALSE,,,,,,,,Grocery Store,,6/3/2020 8:24
Female,Never,,,,,,,,,,,,,,,,,,,,,,,,,,,,,6/3/2020 8:25
Male,Never,,,,,,,,,,,,,,,,,,,,,,,,,,,,,6/3/2020 8:34
Male,Never,,,,,,,,,,,,,,,,,,,,,,,,,,,,,6/3/2020 8:39
Female,Never,,,,,,,,,,,,,,,,,,,,,,,,,,,,,6/3/2020 8:42
Female,Never,,,,,,,,,,,,,,,,,,,,,,,,,,,,,6/3/2020 8:45
Male,Never,,,,,,,,,,,,,,,,,,,,,,,,,,,,,6/3/2020 8:46
Male,Never,,,,,,,,,,,,,,,,,,,,,,,,,,,,,6/3/2020 8:46
Male,Never,,,,,,,,,,,,,,,,,,,,,,,,,,,,,6/3/2020 8:48
Female,Never,,,,,,,,,,,,,,,,,,,,,,,,,,,,,6/3/2020 8:52
Male,Never,,,,,,,,,,,,,,,,,,,,,,,,,,,,,6/3/2020 8:56
Female,"I have in the past, but not anymore",Almost never,"Choose my own - different numbers each time, Quick Pick (let the machine pick my numbers)",Less than $10,"$19,401 - $49,999",2,FALSE,,,,,,,,,,Oregon,FALSE,,,,,,,,,,Convenience Store,,6/3/2020 9:01
Male,Never,,,,,,,,,,,,,,,,,,,,,,,,,,,,,6/3/2020 9:07
Male,Never,,,,,,,,,,,,,,,,,,,,,,,,,,,,,6/3/2020 9:12
Female,"I have in the past, but not anymore",Almost never,Choose my own - different numbers each time,Less than $10,"Less than $19,400",3,FALSE,,,,,,,,,,California,FALSE,,,,,,,,,,"Grocery Store, Gas Station",,6/3/2020 9:12
Female,Never,,,,,,,,,,,,,,,,,,,,,,,,,,,,,6/3/2020 9:13
Male,Never,,,,,,,,,,,,,,,,,,,,,,,,,,,,,6/3/2020 9:24
Male,Never,,,,,,,,,,,,,,,,,,,,,,,,,,,,,6/3/2020 9:29
Male,Never,,,,,,,,,,,,,,,,,,,,,,,,,,,,,6/3/2020 9:33
Male,"I have in the past, but not anymore",Almost never,"Choose my own - different numbers each time, Quick Pick (let the machine pick my numbers)",Less than $10,"$50,000 - $78,950",5,FALSE,,,,,,,,,,Arizona,FALSE,,,,,,,,,,"Gas Station, Grocery Store",,6/3/2020 9:34
Male,Never,,,,,,,,,,,,,,,,,,,,,,,,,,,,,6/3/2020 9:35
Male,Never,,,,,,,,,,,,,,,,,,,,,,,,,,,,,6/3/2020 9:37
Male,Never,,,,,,,,,,,,,,,,,,,,,,,,,,,,,6/3/2020 9:38
Non Binary,Never,,,,,,,,,,,,,,,,,,,,,,,,,,,,,6/3/2020 9:40
Female,Never,,,,,,,,,,,,,,,,,,,,,,,,,,,,,6/3/2020 9:40
Female,"Yes, occasionally",Almost never,Quick Pick (let the machine pick my numbers),Less than $10,"$50,000 - $78,950",2,TRUE,Less than $24.99,,California,TRUE,Oregon,FALSE,,,I don't remember,Oregon,TRUE,California,FALSE,,,,,,,,"Drug Store, Grocery Store, Convenience Store, Gas Station",,6/3/2020 9:43
Female,Never,,,,,,,,,,,,,,,,,,,,,,,,,,,,,6/3/2020 9:47
Male,Never,,,,,,,,,,,,,,,,,,,,,,,,,,,,,6/3/2020 9:48
Male,"I have in the past, but not anymore",Almost never,Quick Pick (let the machine pick my numbers),Less than $10,"$19,401 - $49,999",2,FALSE,,,,,,,,,,Arizona,FALSE,,,,,,,,,,Gas Station,,6/3/2020 9:49
Male,Never,,,,,,,,,,,,,,,,,,,,,,,,,,,,,6/3/2020 9:53
Male,Never,,,,,,,,,,,,,,,,,,,,,,,,,,,,,6/3/2020 9:55
Male,Never,,,,,,,,,,,,,,,,,,,,,,,,,,,,,6/3/2020 9:55
Female,"Yes, occasionally",Once every other week,Quick Pick (let the machine pick my numbers),$10- $49,"$19,401 - $49,999",5,FALSE,,,,,,,,,,Georgia,TRUE,Vermont,FALSE,,,,,,,,Drug Store,,6/3/2020 9:56
Female,Never,,,,,,,,,,,,,,,,,,,,,,,,,,,,,6/3/2020 9:58
Male,Never,,,,,,,,,,,,,,,,,,,,,,,,,,,,,6/3/2020 9:58
Female,Never,,,,,,,,,,,,,,,,,,,,,,,,,,,,,6/3/2020 10:00
Male,Never,,,,,,,,,,,,,,,,,,,,,,,,,,,,,6/3/2020 10:01
Female,"I have in the past, but not anymore",Almost never,Quick Pick (let the machine pick my numbers),Less than $10,"$19,401 - $49,999",1,TRUE,$25 - $999,,South Carolina,FALSE,,,,,Convenience Store,North Carolina,FALSE,,,,,,,,,,"Convenience Store, Gas Station",,6/3/2020 10:01
Male,"I have in the past, but not anymore",Almost never,Quick Pick (let the machine pick my numbers),Less than $10,"$78,951 - 149,999",1,FALSE,,,,,,,,,,New York,FALSE,,,,,,,,,,"Gas Station, Convenience Store",,6/3/2020 10:02
Prefer not to answer,Never,,,,,,,,,,,,,,,,,,,,,,,,,,,,,6/3/2020 10:02
Female,Never,,,,,,,,,,,,,,,,,,,,,,,,,,,,,6/3/2020 10:05
Male,Never,,,,,,,,,,,,,,,,,,,,,,,,,,,,,6/3/2020 10:05
Male,Never,,,,,,,,,,,,,,,,,,,,,,,,,,,,,6/3/2020 10:06
Female,Never,,,,,,,,,,,,,,,,,,,,,,,,,,,,,6/3/2020 10:06
Male,Never,,,,,,,,,,,,,,,,,,,,,,,,,,,,,6/3/2020 10:07
Male,"I have in the past, but not anymore",Almost never,Quick Pick (let the machine pick my numbers),Less than $10,"Less than $19,400",5,FALSE,,,,,,,,,,California,FALSE,,,,,,,,,,Convenience Store,,6/3/2020 10:07
Male,Never,,,,,,,,,,,,,,,,,,,,,,,,,,,,,6/3/2020 10:08
No gender,Never,,,,,,,,,,,,,,,,,,,,,,,,,,,,,6/3/2020 10:09
Male,Never,,,,,,,,,,,,,,,,,,,,,,,,,,,,,6/3/2020 10:15
Male,Never,,,,,,,,,,,,,,,,,,,,,,,,,,,,,6/3/2020 10:16
Female,Never,,,,,,,,,,,,,,,,,,,,,,,,,,,,,6/3/2020 10:21
Male,"I have in the past, but not anymore",Almost never,Quick Pick (let the machine pick my numbers),Less than $10,"$50,000 - $78,950",4,TRUE,$25 - $999,,Delaware,FALSE,,,,,Convenience Store,Delaware,FALSE,,,,,,,,,,"Gas Station, Grocery Store, Convenience Store",,6/3/2020 10:22
Female,"Yes, occasionally",Almost never,Quick Pick (let the machine pick my numbers),"Only buy a few times a yeat, maybe 10 bucks.","$50,000 - $78,950",3,FALSE,,,,,,,,,,Oregon,FALSE,,,,,,,,,,"Gas Station, Convenience Store",,6/3/2020 10:23
Female,Never,,,,,,,,,,,,,,,,,,,,,,,,,,,,,6/3/2020 10:24
Male,"I have in the past, but not anymore",Almost never,Quick Pick (let the machine pick my numbers),Less than $10,"$19,401 - $49,999",2,FALSE,,,,,,,,,,South Dakota,FALSE,,,,,,,,,,Gas Station,,6/3/2020 10:28
Male,Never,,,,,,,,,,,,,,,,,,,,,,,,,,,,,6/3/2020 10:34
Male,Never,,,,,,,,,,,,,,,,,,,,,,,,,,,,,6/3/2020 10:36
Male,Never,,,,,,,,,,,,,,,,,,,,,,,,,,,,,6/3/2020 10:40
Female,"I have in the past, but not anymore",Almost never,Choose my own - different numbers each time,Less than $10,"$78,951 - 149,999",3,FALSE,,,,,,,,,,Colorado,FALSE,,,,,,,,,,Gas Station,,6/3/2020 10:41
Male,"I have in the past, but not anymore",Almost never,Quick Pick (let the machine pick my numbers),Less than $10,"Less than $19,400",4,FALSE,,,,,,,,,,Texas,FALSE,,,,,,,,,,Gas Station,,6/3/2020 10:41
Female,Never,,,,,,,,,,,,,,,,,,,,,,,,,,,,,6/3/2020 10:41
Male,Never,,,,,,,,,,,,,,,,,,,,,,,,,,,,,6/3/2020 10:42
Female,Never,,,,,,,,,,,,,,,,,,,,,,,,,,,,,6/3/2020 10:43
Female,Never,,,,,,,,,,,,,,,,,,,,,,,,,,,,,6/3/2020 10:44
Female,Never,,,,,,,,,,,,,,,,,,,,,,,,,,,,,6/3/2020 10:47
Female,"Yes, occasionally",Almost never,Choose my own - same numbers each time,Less than $10,"$19,401 - $49,999",4,TRUE,$25 - $999,,Oregon,FALSE,,,,,Convenience Store,Oregon,FALSE,,,,,,,,,,Convenience Store,,6/3/2020 10:49
Male,"Yes, all the time",Once a week,One set of the same number every time and a couple of quick picks,$10- $49,"$78,951 - 149,999",3,FALSE,,,,,,,,,,Pennsylvania,TRUE,Maryland,TRUE,Massachusetts,FALSE,,,,,,"Gas Station, Convenience Store, Grocery Store",,6/3/2020 10:50
Female,Never,,,,,,,,,,,,,,,,,,,,,,,,,,,,,6/3/2020 10:51
Male,"I have in the past, but not anymore",Once every other week,Quick Pick (let the machine pick my numbers),Less than $10,"Less than $19,400",2,TRUE,Less than $24.99,,Oregon,FALSE,,,,,"Convenience Store, Grocery Store",Texas,TRUE,Florida,FALSE,,,,,,,,"Gas Station, Convenience Store, Grocery Store, Drug Store",,6/3/2020 10:51
Female,Never,,,,,,,,,,,,,,,,,,,,,,,,,,,,,6/3/2020 10:52
Male,Never,,,,,,,,,,,,,,,,,,,,,,,,,,,,,6/3/2020 10:54
Male,"Yes, all the time",Once a week,Choose my own as well as choose a quick-pick.  ,$10- $49,"$150,000 +",2,FALSE,,,,,,,,,,Arizona,FALSE,,,,,,,,,,Online,,6/3/2020 10:55
Male,Never,,,,,,,,,,,,,,,,,,,,,,,,,,,,,6/3/2020 10:55
Male,Never,,,,,,,,,,,,,,,,,,,,,,,,,,,,,6/3/2020 10:57
Male,Never,,,,,,,,,,,,,,,,,,,,,,,,,,,,,6/3/2020 10:59
Male,Never,,,,,,,,,,,,,,,,,,,,,,,,,,,,,6/3/2020 11:01
Female,Never,,,,,,,,,,,,,,,,,,,,,,,,,,,,,6/3/2020 11:04
Male,Never,,,,,,,,,,,,,,,,,,,,,,,,,,,,,6/3/2020 11:05
Female,Never,,,,,,,,,,,,,,,,,,,,,,,,,,,,,6/3/2020 11:08
Male,Never,,,,,,,,,,,,,,,,,,,,,,,,,,,,,6/3/2020 11:08
Male,Never,,,,,,,,,,,,,,,,,,,,,,,,,,,,,6/3/2020 11:11
Female,Never,,,,,,,,,,,,,,,,,,,,,,,,,,,,,6/3/2020 11:11
Male,"Yes, occasionally",Less than 2 times a month,Quick Pick (let the machine pick my numbers),Less than $10,"$78,951 - 149,999",2,TRUE,Less than $24.99,,South Carolina,FALSE,,,,,Gas Station,North Carolina,FALSE,,,,,,,,,,"Convenience Store, Gas Station",,6/3/2020 11:12
Female,Never,,,,,,,,,,,,,,,,,,,,,,,,,,,,,6/3/2020 11:13
Male,Never,,,,,,,,,,,,,,,,,,,,,,,,,,,,,6/3/2020 11:13
Prefer not to answer,Never,,,,,,,,,,,,,,,,,,,,,,,,,,,,,6/3/2020 11:17
Male,Never,,,,,,,,,,,,,,,,,,,,,,,,,,,,,6/3/2020 11:17
Female,Never,,,,,,,,,,,,,,,,,,,,,,,,,,,,,6/3/2020 11:23
Female,Never,,,,,,,,,,,,,,,,,,,,,,,,,,,,,6/3/2020 11:25
Male,Never,,,,,,,,,,,,,,,,,,,,,,,,,,,,,6/3/2020 11:32
Male,Never,,,,,,,,,,,,,,,,,,,,,,,,,,,,,6/3/2020 11:33
Female,Never,,,,,,,,,,,,,,,,,,,,,,,,,,,,,6/3/2020 11:35
Female,Never,,,,,,,,,,,,,,,,,,,,,,,,,,,,,6/3/2020 11:35
Non-binary,Never,,,,,,,,,,,,,,,,,,,,,,,,,,,,,6/3/2020 11:37
Male,Never,,,,,,,,,,,,,,,,,,,,,,,,,,,,,6/3/2020 11:38
Male,Never,,,,,,,,,,,,,,,,,,,,,,,,,,,,,6/3/2020 11:40
Female,"Yes, occasionally",Almost never,Choose my own - different numbers each time,Less than $10,"Less than $19,400",2,FALSE,,,,,,,,,,Oregon,FALSE,,,,,,,,,,"Gas Station, Convenience Store",,6/3/2020 11:40
Male,Never,,,,,,,,,,,,,,,,,,,,,,,,,,,,,6/3/2020 11:43
Female,Never,,,,,,,,,,,,,,,,,,,,,,,,,,,,,6/3/2020 11:46
Male,Never,,,,,,,,,,,,,,,,,,,,,,,,,,,,,6/3/2020 11:48
Male,Never,,,,,,,,,,,,,,,,,,,,,,,,,,,,,6/3/2020 11:48
Female,Never,,,,,,,,,,,,,,,,,,,,,,,,,,,,,6/3/2020 11:48
Male,"Yes, occasionally",Almost never,Quick Pick (let the machine pick my numbers),Less than $10,"$78,951 - 149,999",5,TRUE,Less than $24.99,,New York,FALSE,,,,,"Convenience Store, Grocery Store",New York,FALSE,,,,,,,,,,"Grocery Store, Convenience Store",,6/3/2020 11:49
Male,"Yes, occasionally",Once every other week,Quick Pick (let the machine pick my numbers),Less than $10,"$78,951 - 149,999",2,TRUE,Less than $24.99,,Missouri,FALSE,,,,,Convenience Store,Delaware,FALSE,,,,,,,,,,"Convenience Store, Gas Station",,6/3/2020 11:49
Male,Never,,,,,,,,,,,,,,,,,,,,,,,,,,,,,6/3/2020 11:52
Male,Never,,,,,,,,,,,,,,,,,,,,,,,,,,,,,6/3/2020 11:52
Male,"I have in the past, but not anymore",Almost never,Quick Pick (let the machine pick my numbers),Less than $10,"$50,000 - $78,950",2,TRUE,Less than $24.99,,Minnesota,FALSE,,,,,Gas Station,Minnesota,FALSE,,,,,,,,,,Gas Station,,6/3/2020 11:55
Male,Never,,,,,,,,,,,,,,,,,,,,,,,,,,,,,6/3/2020 11:59
Female,"Yes, occasionally",Almost never,Choose my own - different numbers each time,Less than $10,"$50,000 - $78,950",1,TRUE,Less than $24.99,,Washington State,FALSE,,,,,Gas Station,Montana,FALSE,,,,,,,,,,Gas Station,,6/3/2020 12:13
Female,"Yes, occasionally",Once every other week,Choose my own - different numbers each time,Less than $10,"Less than $19,400",1,FALSE,,,,,,,,,,New York,FALSE,,,,,,,,,,Online through TheLotter,,6/3/2020 12:14
Male,"I have in the past, but not anymore",Almost never,Quick Pick (let the machine pick my numbers),Less than $10,"Less than $19,400",1,FALSE,,,,,,,,,,Massachusetts,TRUE,Connecticut,TRUE,New Hampshire,FALSE,,,,,,"Gas Station, Convenience Store",,6/3/2020 12:19
Male,Never,,,,,,,,,,,,,,,,,,,,,,,,,,,,,6/3/2020 12:24
Female,"I have in the past, but not anymore",Almost never,Choose my own - different numbers each time,Less than $10,"$150,000 +",2,TRUE,$5 million +,69,New York,FALSE,,,,,Drug Store,New York,FALSE,,,,,,,,,,Drug Store,,6/3/2020 12:46
Female,Never,,,,,,,,,,,,,,,,,,,,,,,,,,,,,6/3/2020 13:01
Female,Never,,,,,,,,,,,,,,,,,,,,,,,,,,,,,6/3/2020 13:16
Male,Never,,,,,,,,,,,,,,,,,,,,,,,,,,,,,6/3/2020 13:17
Prefer not to answer,Never,,,,,,,,,,,,,,,,,,,,,,,,,,,,,6/3/2020 13:23
Male,Never,,,,,,,,,,,,,,,,,,,,,,,,,,,,,6/3/2020 13:26
Prefer not to answer,Never,,,,,,,,,,,,,,,,,,,,,,,,,,,,,6/3/2020 13:29
Male,"Yes, occasionally",When after-tax lump sum gets over about $200M,Quick Pick (let the machine pick my numbers),Less than $10,"$78,951 - 149,999",3,TRUE,Less than $24.99,,Washington State,FALSE,,,,,"Gas Station, Grocery Store, Convenience Store",Washington State,FALSE,,,,,,,,,,"Gas Station, Convenience Store, Grocery Store",,6/3/2020 13:51
Male,Never,,,,,,,,,,,,,,,,,,,,,,,,,,,,,6/3/2020 13:53
Female,Never,,,,,,,,,,,,,,,,,,,,,,,,,,,,,6/3/2020 13:56
Male,"Yes, all the time",Once a week,Quick Pick (let the machine pick my numbers),$10- $49,"$50,000 - $78,950",2,TRUE,Less than $24.99,,South Carolina,FALSE,,,,,Gas Station,South Carolina,FALSE,,,,,,,,,,Gas Station,,6/3/2020 13:58
Female,Never,,,,,,,,,,,,,,,,,,,,,,,,,,,,,6/3/2020 14:01
Female,"Yes, occasionally",Less than 2 times a month,Quick Pick (let the machine pick my numbers),Less than $10,"$78,951 - 149,999",6,FALSE,,,,,,,,,,California,FALSE,,,,,,,,,,"Convenience Store, Grocery Store",,6/3/2020 14:02
Female,Never,,,,,,,,,,,,,,,,,,,,,,,,,,,,,6/3/2020 14:11
Female,"Yes, occasionally",Almost never,Choose my own - different numbers each time,Less than $10,"$19,401 - $49,999",3,FALSE,,,,,,,,,,Louisiana,,,,,,,,,,,"Gas Station, Convenience Store, Grocery Store",,6/3/2020 14:14
Male,Never,,,,,,,,,,,,,,,,,,,,,,,,,,,,,6/3/2020 14:21
Female,"Yes, all the time",Every Drawing,Quick Pick (let the machine pick my numbers),$10- $49,"$78,951 - 149,999",4,TRUE,Less than $24.99,,New York,FALSE,,,,,"Gas Station, Grocery Store",New Jersey,FALSE,,,,,,,,,,"Gas Station, Drug Store, Grocery Store",,6/3/2020 14:28
Female,"Yes, occasionally",Almost never,Quick Pick (let the machine pick my numbers),Less than $10,"$19,401 - $49,999",1,FALSE,,,,,,,,,,Washington State,FALSE,,,,,,,,,,Grocery Store,,6/3/2020 14:33
Male,"Yes, occasionally",Once every other week,Quick Pick (let the machine pick my numbers),$10- $49,"$78,951 - 149,999",3,TRUE,$25 - $999,,Pennsylvania,FALSE,,,,,"Gas Station, Convenience Store, Grocery Store",Missouri,TRUE,Kansas,FALSE,,,,,,,,"Gas Station, Convenience Store, Grocery Store",,6/3/2020 14:38
Male,"Yes, occasionally",Less than 2 times a month,Choose my own - different numbers each time,$10- $49,"$150,000 +",5,FALSE,,,,,,,,,,Texas,FALSE,,,,,,,,,,Gas Station,,6/3/2020 14:47
Male,"Yes, occasionally",Almost never,Quick Pick (let the machine pick my numbers),Less than $10,"$150,000 +",4,FALSE,,,,,,,,,,Arkansas,TRUE,Florida,TRUE,Tennessee,FALSE,,,,,,Gas Station,,6/3/2020 14:51
Male,Never,,,,,,,,,,,,,,,,,,,,,,,,,,,,,6/3/2020 15:07
Male,"Yes, occasionally",Almost never,Quick Pick (let the machine pick my numbers),Less than $10,"$19,401 - $49,999",4,FALSE,,,,,,,,,,New York,FALSE,,,,,,,,,,"Gas Station, Convenience Store",,6/3/2020 16:05
Female,"Yes, occasionally",Almost never,Choose my own - different numbers each time,0.1,"$50,000 - $78,950",2,FALSE,,,,,,,,,,Washington State,TRUE,Oregon,FALSE,,,,,,,,Convenience Store,,6/3/2020 17:51
Female,"I have in the past, but not anymore",Almost never,"Choose my own - different numbers each time, Quick Pick (let the machine pick my numbers)",Less than $10,"$50,000 - $78,950",2,FALSE,,,,,,,,,,Illinois,TRUE,Wisconsin,TRUE,Colorado,FALSE,,,,,,"Gas Station, Convenience Store",,6/3/2020 18:19
Male,once.,Almost never,Quick Pick (let the machine pick my numbers),Less than $10,"$19,401 - $49,999",2,FALSE,,,,,,,,,,Florida,FALSE,,,,,,,,,,Gas Station,,6/3/2020 19:59
Female,"I have in the past, but not anymore",Almost never,Quick Pick (let the machine pick my numbers),Less than $10,"$50,000 - $78,950",3,FALSE,,,,,,,,,,Michigan,FALSE,,,,,,,,,,"Grocery Store, Convenience Store, Gas Station",,6/3/2020 20:34
Male,Never,,,,,,,,,,,,,,,,,,,,,,,,,,,,,6/3/2020 20:37
Male,"I have in the past, but not anymore",Almost never,Quick Pick (let the machine pick my numbers),Less than $10,"$19,401 - $49,999",4,FALSE,,,,,,,,,,Oregon,TRUE,Washington State,FALSE,,,,,,,,Gas Station,,6/3/2020 23:14
Female,"Yes, occasionally",Once every other week,Quick Pick (let the machine pick my numbers),Less than $10,"$50,000 - $78,950",2,FALSE,,,,,,,,,,Idaho,TRUE,Montana,FALSE,,,,,,,,Gas Station,,6/4/2020 1:01
Male,Never,,,,,,,,,,,,,,,,,,,,,,,,,,,,,6/4/2020 1:09
Female,"Yes, occasionally",Almost never,Choose my own - different numbers each time,Less than $10,"$19,401 - $49,999",2,FALSE,,,,,,,,,,Florida,FALSE,,,,,,,,,,Gas Station,,6/4/2020 1:09
Male,Never,,,,,,,,,,,,,,,,,,,,,,,,,,,,,6/4/2020 2:11
Male,"Yes, occasionally",Once every other week,Quick Pick (let the machine pick my numbers),$10- $49,"Less than $19,400",2,TRUE,Less than $24.99,,Tennessee,FALSE,,,,,"Gas Station, Convenience Store",Tennessee,FALSE,,,,,,,,,,Gas Station,,6/4/2020 3:59
Male,Never,,,,,,,,,,,,,,,,,,,,,,,,,,,,,6/4/2020 5:24
Female,Never,,,,,,,,,,,,,,,,,,,,,,,,,,,,,6/4/2020 5:42
Male,"I have in the past, but not anymore",Almost never,Choose my own - different numbers each time,Less than $10,"$19,401 - $49,999",4,TRUE,$25 - $999,,Arizona,FALSE,,,,,Convenience Store,California,TRUE,Oregon,FALSE,,,,,,,,"Convenience Store, Gas Station",,6/5/2020 0:24
Male,"Yes, occasionally",Less than 2 times a month,Quick Pick (let the machine pick my numbers),Less than $10,"Less than $19,400",5,FALSE,,,,,,,,,,Georgia,TRUE,Florida,FALSE,,,,,,,,Convenience Store,60 - 74,6/5/2020 19:56
Male,"Yes, occasionally",Almost never,Quick Pick (let the machine pick my numbers),Less than $10,"$150,000 +",5,FALSE,,,,,,,,,,Nebraska,FALSE,,,,,,,,,,Gas Station,30 - 44,6/5/2020 21:17
Male,"Yes, occasionally",Once a week,Choose my own - different numbers each time,$10- $49,"$78,951 - 149,999",5,TRUE,$5 million +,21,New York,FALSE,,,,,Grocery Store,New York,FALSE,,,,,,,,,,Grocery Store,18 - 29,6/5/2020 22:27
Prefer not to answer,"I have in the past, but not anymore",Almost never,Quick Pick (let the machine pick my numbers),Less than $10,"$78,951 - 149,999",3,TRUE,$25 - $999,,California,FALSE,,,,,"Gas Station, Drug Store",California,FALSE,,,,,,,,,,"Drug Store, Grocery Store, Convenience Store",30 - 44,6/6/2020 1:40
Male,"Yes, occasionally",Almost never,Quick Pick (let the machine pick my numbers),Less than $10,"$78,951 - 149,999",4,FALSE,,,,,,,,,,Virginia,TRUE,New York,FALSE,,,,,,,,"Drug Store, Convenience Store, Gas Station",30 - 44,6/6/2020 9:46
Male,"Yes, occasionally",Less than 2 times a month,Quick Pick (let the machine pick my numbers),$5 ,"$19,401 - $49,999",1,FALSE,,,,,,,,,,California,FALSE,,,,,,,,,,Convenience Store,45 - 59,6/6/2020 16:09
Female,"I have in the past, but not anymore",Almost never,Choose my own - same numbers each time,$50 - $99,"$19,401 - $49,999",2,FALSE,,,,,,,,,,Minnesota,FALSE,,,,,,,,,,Convenience Store,18 - 29,6/6/2020 16:15
Female,Never,,,,,,,,,,,,,,,,,,,,,,,,,,,,30 - 44,6/6/2020 17:48
Female,"Yes, occasionally",Almost never,Quick Pick (let the machine pick my numbers),$10- $49,"$50,000 - $78,950",1,FALSE,,,,,,,,,,New Jersey,TRUE,Pennsylvania,FALSE,,,,,,,,"Gas Station, Convenience Store",18 - 29,6/6/2020 19:39
Male,"I have in the past, but not anymore",Almost never,"Choose my own - different numbers each time, Quick Pick (let the machine pick my numbers)",Less than $10,"Less than $19,400",4,FALSE,,,,,,,,,,Idaho,FALSE,,,,,,,,,,Gas Station,18 - 29,6/6/2020 23:03
Male,"Yes, occasionally",Less than 2 times a month,Choose my own - different numbers each time,$100 - $499,"$19,401 - $49,999",2,FALSE,,,,,,,,,,Illinois,TRUE,Georgia,TRUE,Georgia,FALSE,,,,,,Drug Store,18 - 29,6/7/2020 2:02
Male,"Yes, occasionally",Once a week,Choose my own - same numbers each time,$10- $49,"$19,401 - $49,999",3,TRUE,$25 - $999,,Arizona,FALSE,,,,,"Gas Station, Convenience Store, Drug Store",Arizona,FALSE,,,,,,,,,,"Gas Station, Convenience Store, Drug Store",30 - 44,6/7/2020 5:37
Female,Never,,,,,,,,,,,,,,,,,,,,,,,,,,,,18 - 29,6/7/2020 9:39
Male,Never,,,,,,,,,,,,,,,,,,,,,,,,,,,,18 - 29,6/7/2020 11:28
Male,Never,,,,,,,,,,,,,,,,,,,,,,,,,,,,30 - 44,6/7/2020 14:35
Male,"I have in the past, but not anymore",Less than 2 times a month,Quick Pick (let the machine pick my numbers),Less than $10,"$150,000 +",2,TRUE,Less than $24.99,,North Carolina,FALSE,,,,,Grocery Store,Colorado,FALSE,,,,,,,,,,Grocery Store,30 - 44,6/7/2020 15:44
Male,Never,,,,,,,,,,,,,,,,,,,,,,,,,,,,30 - 44,6/7/2020 16:28
Prefer not to answer,Never,,,,,,,,,,,,,,,,,,,,,,,,,,,,18 - 29,6/7/2020 16:43
Female,Never,,,,,,,,,,,,,,,,,,,,,,,,,,,,18 - 29,6/7/2020 23:14
Female,"Yes, occasionally",Almost never,Choose my own - different numbers each time,Less than $10,"$50,000 - $78,950",2,FALSE,,,,,,,,,,Massachusetts,FALSE,,,,,,,,,,Convenience Store,30 - 44,6/8/2020 0:38
Male,Never,,,,,,,,,,,,,,,,,,,,,,,,,,,,18 - 29,6/8/2020 11:21
Male,Never,,,,,,,,,,,,,,,,,,,,,,,,,,,,30 - 44,6/8/2020 15:14
Male,Never,,,,,,,,,,,,,,,,,,,,,,,,,,,,18 - 29,6/8/2020 16:12
Female,Never,,,,,,,,,,,,,,,,,,,,,,,,,,,,18 - 29,6/8/2020 17:34
Male,"I have in the past, but not anymore",Almost never,Choose my own - different numbers each time,Less than $10,"$19,401 - $49,999",2,FALSE,,,,,,,,,,New York,FALSE,,,,,,,,,,"Gas Station, Convenience Store",18 - 29,6/8/2020 17:37
Female,Never,,,,,,,,,,,,,,,,,,,,,,,,,,,,45 - 59,6/8/2020 18:53
Female,Never,,,,,,,,,,,,,,,,,,,,,,,,,,,,45 - 59,6/8/2020 21:02
Female,"I have in the past, but not anymore",Almost never,Choose my own - different numbers each time,Less than $10,"$19,401 - $49,999",4,FALSE,,,,,,,,,,Tennessee,FALSE,,,,,,,,,,Grocery Store,18 - 29,6/9/2020 2:44
Male,"Yes, occasionally",Almost never,Choose my own - same numbers each time,Less than $10,"$150,000 +",5,FALSE,,,,,,,,,,New York,FALSE,,,,,,,,,,Gas Station,18 - 29,6/9/2020 3:39
Male,"Yes, occasionally",Less than 2 times a month,Quick Pick (let the machine pick my numbers),$10- $49,"Less than $19,400",2,TRUE,$25 - $999,,Indiana,TRUE,Oklahoma,FALSE,,,"Convenience Store, Grocery Store",Indiana,TRUE,Oklahoma,FALSE,,,,,,,,"Gas Station, Convenience Store, Grocery Store, Drug Store",30 - 44,6/9/2020 7:07
Female,Never,,,,,,,,,,,,,,,,,,,,,,,,,,,,30 - 44,6/9/2020 8:41
Female,Never,,,,,,,,,,,,,,,,,,,,,,,,,,,,18 - 29,6/9/2020 14:16
Male,Never,,,,,,,,,,,,,,,,,,,,,,,,,,,,18 - 29,6/9/2020 14:28
Female,"I have in the past, but not anymore",Less than 2 times a month,Quick Pick (let the machine pick my numbers),$10- $49,"$19,401 - $49,999",4,TRUE,$25 - $999,,Colorado,FALSE,,,,,Convenience Store,Colorado,FALSE,,,,,,,,,,Convenience Store,18 - 29,6/9/2020 21:43
Male,Never,,,,,,,,,,,,,,,,,,,,,,,,,,,,18 - 29,6/10/2020 0:54
Female,Never,,,,,,,,,,,,,,,,,,,,,,,,,,,,18 - 29,6/10/2020 1:28
Female,"Yes, occasionally",Almost never,Quick Pick (let the machine pick my numbers),Less than $10,"$19,401 - $49,999",2,FALSE,,,,,,,,,,New York,FALSE,,,,,,,,,,Convenience Store,45 - 59,6/10/2020 1:55
Male,"Yes, occasionally",Almost never,Quick Pick (let the machine pick my numbers),Less than $10,"Less than $19,400",0,TRUE,$25 - $999,,Massachusetts,FALSE,,,,,Convenience Store,Massachusetts,FALSE,,,,,,,,,,Convenience Store,30 - 44,6/10/2020 3:44
Male,Never,,,,,,,,,,,,,,,,,,,,,,,,,,,,18 - 29,6/10/2020 7:18
Male,"I have in the past, but not anymore",Almost never,Choose my own - different numbers each time,Less than $10,"Less than $19,400",4,FALSE,,,,,,,,,,Maine,FALSE,,,,,,,,,,Grocery Store,18 - 29,6/10/2020 12:37
Male,Never,,,,,,,,,,,,,,,,,,,,,,,,,,,,18 - 29,6/10/2020 14:59
Male,Never,,,,,,,,,,,,,,,,,,,,,,,,,,,,18 - 29,6/10/2020 19:10
Male,"I have in the past, but not anymore",Almost never,Choose my own - same numbers each time,Less than $10,"$19,401 - $49,999",2,FALSE,,,,,,,,,,Kansas,TRUE,Arizona,FALSE,,,,,,,,Grocery Store,30 - 44,6/10/2020 19:25
Male,"I have in the past, but not anymore",Almost never,Choose my own - same numbers each time,Less than $10,"$19,401 - $49,999",2,TRUE,$25 - $999,,Pennsylvania,FALSE,,,,,Bar,Pennsylvania,FALSE,,,,,,,,,,Convenience Store,18 - 29,6/10/2020 22:09
Male,Never,,,,,,,,,,,,,,,,,,,,,,,,,,,,30 - 44,6/11/2020 0:16
Male,Never,,,,,,,,,,,,,,,,,,,,,,,,,,,,30 - 44,6/11/2020 3:11
Male,Never,,,,,,,,,,,,,,,,,,,,,,,,,,,,30 - 44,6/11/2020 5:55
Female,Never,,,,,,,,,,,,,,,,,,,,,,,,,,,,18 - 29,6/11/2020 14:55
Female,"Yes, occasionally",Almost never,Choose my own - different numbers each time,Less than $10,"$19,401 - $49,999",4,FALSE,,,,,,,,,,Maryland,FALSE,,,,,,,,,,Gas Station,18 - 29,6/11/2020 15:27
Male,"Yes, occasionally",Almost never,Quick Pick (let the machine pick my numbers),Less than $10,"$50,000 - $78,950",1,FALSE,,,,,,,,,,Texas,FALSE,,,,,,,,,,Gas Station,30 - 44,6/11/2020 16:10
Male,Never,,,,,,,,,,,,,,,,,,,,,,,,,,,,18 - 29,6/11/2020 21:17
Male,"I have in the past, but not anymore",Almost never,Choose my own - different numbers each time,Less than $10,"$50,000 - $78,950",2,FALSE,,,,,,,,,,Rhode Island,TRUE,Connecticut,FALSE,,,,,,,,Convenience Store,18 - 29,6/12/2020 0:59
Female,"Yes, occasionally",Less than 2 times a month,Choose my own - different numbers each time,Less than $10,"Less than $19,400",1,TRUE,Less than $24.99,,Colorado,TRUE,North Carolina,FALSE,,,"Gas Station, Convenience Store, Grocery Store, Drug Store",Virginia,FALSE,,,,,,,,,,Gas Station,30 - 44,6/12/2020 1:57
Female,"I have in the past, but not anymore",Almost never,Choose my own - different numbers each time,Less than $10,"$19,401 - $49,999",3,FALSE,,,,,,,,,,Tennessee,FALSE,,,,,,,,,,Gas Station,18 - 29,6/12/2020 4:03
Male,Never,,,,,,,,,,,,,,,,,,,,,,,,,,,,18 - 29,6/12/2020 8:45
Male,Never,,,,,,,,,,,,,,,,,,,,,,,,,,,,18 - 29,6/12/2020 10:39
Female,"I have in the past, but not anymore",Almost never,Quick Pick (let the machine pick my numbers),Less than $10,"$150,000 +",4,TRUE,Less than $24.99,,Texas,FALSE,,,,,Grocery Store,Massachusetts,FALSE,,,,,,,,,,Grocery Store,18 - 29,6/12/2020 18:31
Male,"I have in the past, but not anymore",Almost never,Quick Pick (let the machine pick my numbers),$0 ,"$50,000 - $78,950",3,FALSE,,,,,,,,,,Arizona,FALSE,,,,,,,,,,"Gas Station, Convenience Store",30 - 44,6/12/2020 19:07
Male,Never,,,,,,,,,,,,,,,,,,,,,,,,,,,,30 - 44,6/12/2020 22:09
Female,"I have in the past, but not anymore",Almost never,Quick Pick (let the machine pick my numbers),Less than $10,"$19,401 - $49,999",2,TRUE,Less than $24.99,,New York,FALSE,,,,,"Convenience Store, Gas Station",New York,FALSE,,,,,,,,,,"Gas Station, Convenience Store",18 - 29,6/12/2020 23:16
